,movie_title,director,principal_cast
0,Mission: Impossible II (2000),John Woo,"Dougray Scott, Tom Cruise, Thandie Newton, Ving Rhames"
1,Gladiator (2000),Ridley Scott,"Connie Nielsen, Oliver Reed, Russell Crowe, Joaquin Phoenix"
2,What Women Want (2011),Daming Chen,"Li Yuan, Julian Chen, Andy Lau, Li Gong"
3,Charlie's Angels (2019),Elizabeth Banks,"Naomi Scott, Elizabeth Banks, Kristen Stewart, Ella Balinska"
4,Southpaw (2015),Antoine Fuqua,"Rachel McAdams, Jake Gyllenhaal, Oona Laurence, Forest Whitaker"
5,The Lord of the Rings: The Fellowship of the Ring (2001),Peter Jackson,"Sean Bean, Orlando Bloom, Elijah Wood, Ian McKellen"
6,Shrek (2001),Andrew Adamson,"John Lithgow, Cameron Diaz, Eddie Murphy, Mike Myers"
7,The Mummy Returns (2001),Stephen Sommers,"Brendan Fraser, John Hannah, Rachel Weisz, Arnold Vosloo"
8,Lara Croft: Tomb Raider (2001),Simon West,"Noah Taylor, Jon Voight, Iain Glen, Angelina Jolie"
9,Moulin Rouge! (2001),Baz Luhrmann,"Jim Broadbent, Nicole Kidman, John Leguizamo, Ewan McGregor"
10,The Lord of the Rings: The Two Towers (2002),Peter Jackson,"Orlando Bloom, Elijah Wood, Ian McKellen, Viggo Mortensen"
11,Harry Potter and the Chamber of Secrets (2002),Chris Columbus,"Daniel Radcliffe, Rupert Grint, Emma Watson, Richard Harris"
12,Spider,Sam Raimi,"Willem Dafoe, Tobey Maguire, James Franco, Kirsten Dunst"
13,Star Wars: Episode II,George Lucas,"Hayden Christensen, Christopher Lee, Ewan McGregor, Natalie Portman"
14,Ice Age (2002),Chris Wedge,"Denis Leary, Ray Romano, Goran Visnjic, John Leguizamo"
15,Catch Me If You Can (2002),Steven Spielberg,"Tom Hanks, Christopher Walken, Leonardo DiCaprio, Martin Sheen"
16,The Bourne Identity (2002),Doug Liman,"Matt Damon, Clive Owen, Chris Cooper, Franka Potente"
17,E.T. the Extra,Steven Spielberg,"Henry Thomas, Peter Coyote, Dee Wallace, Drew Barrymore"
18,Sweet Sixteen (2016),Jin-gyu Cho,"Joo Won, Geng Han, Kris Wu, Shan Lu"
19,The Lord of the Rings: The Return of the King (2003),Peter Jackson,"Orlando Bloom, Elijah Wood, Ian McKellen, Viggo Mortensen"
20,Pirates of the Caribbean: The Curse of the Black Pearl (2003),Gore Verbinski,"Keira Knightley, Orlando Bloom, Johnny Depp, Geoffrey Rush"
21,X2: X,Bryan Singer,"Patrick Stewart, Halle Berry, Ian McKellen, Hugh Jackman"
22,Hulk (2003),Ang Lee,"Eric Bana, Sam Elliott, Jennifer Connelly, Josh Lucas"
23,Master and Commander: The Far Side of the World (2003),Peter Weir,"Paul Bettany, ""James DArcy"", Russell Crowe, Billy Boyd"
24,The Italian Job (2003),F. Gary Gray,"Edward Norton, Charlize Theron, Mark Wahlberg, Donald Sutherland"
25,Johnny English (2003),Peter Howitt,"John Malkovich, Rowan Atkinson, Natalie Imbruglia, Tasha de Vasconcelos"
26,Freddy vs. Jason (2003),Ronny Yu,"Robert Englund, Kelly Rowland, Ken Kirzinger, Monica Keena"
27,The Recruit (2003),Roger Donaldson,"Gabriel Macht, Colin Farrell, Al Pacino, Bridget Moynahan"
28,The Core (2003),Jon Amiel,"Hilary Swank, Aaron Eckhart, Bruce Greenwood, Delroy Lindo"
29,Shrek 2 (2004),Andrew Adamson,"Julie Andrews, Cameron Diaz, Eddie Murphy, Mike Myers"
30,Harry Potter and the Prisoner of Azkaban (2004),Alfonso Cuarón,"Daniel Radcliffe, Rupert Grint, Richard Griffiths, Emma Watson"
31,Spider,Sam Raimi,"Tobey Maguire, Alfred Molina, James Franco, Kirsten Dunst"
32,The Passion of the Christ (2004),Mel Gibson,"Maia Morgenstern, Christo Jivkov, Monica Bellucci, Jim Caviezel"
33,The Day After Tomorrow (2004),Roland Emmerich,"Dash Mihok, Jake Gyllenhaal, Emmy Rossum, Dennis Quaid"
34,Troy (2004),Wolfgang Petersen,"Eric Bana, Orlando Bloom, Julian Glover, Brad Pitt"
35,Shark Tale (2004),Bibo Bergeron,"Renée Zellweger, Robert De Niro, Will Smith, Angelina Jolie"
36,"I, Robot (2004)",Alex Proyas,"Alan Tudyk, Will Smith, Bruce Greenwood, Bridget Moynahan"
37,National Treasure (2004),Jon Turteltaub,"Sean Bean, Diane Kruger, Nicolas Cage, Justin Bartha"
38,The Bourne Supremacy (2004),Paul Greengrass,"Brian Cox, Matt Damon, Franka Potente, Joan Allen"
39,The Terminal (2004),Steven Spielberg,"Tom Hanks, Chi McBride, Stanley Tucci, Catherine Zeta-Jones"
40,King Arthur (2004),Antoine Fuqua,"Keira Knightley, Stephen Dillane, Clive Owen, Ioan Gruffudd"
41,Garfield (2004),Peter Hewitt,"Jennifer Love Hewitt, Stephen Tobolowsky, Breckin Meyer, Bill Murray"
42,50 First Dates (2004),Peter Segal,"Adam Sandler, Sean Astin, Rob Schneider, Drew Barrymore"
43,Kung Fu Hustle (2004),Stephen Chow,"Qiu Yuen, Stephen Chow, Siu-Lung Leung, Wah Yuen"
44,House of Flying Daggers (2004),Yimou Zhang,"Dandan Song, Takeshi Kaneshiro, Ziyi Zhang, Andy Lau"
45,Anacondas: The Hunt for the Blood Orchid (2004),Dwight H. Little,"Johnny Messner, Morris Chestnut, KaDee Strickland, Eugene Byrd"
46,Taxi (2004),Tim Story,"Henry Simmons, Queen Latifah, Jimmy Fallon, Gisele Bündchen"
47,Two Brothers (2004),Jean-Jacques Annaud,"Guy Pearce, Jean-Claude Dreyfus, Oanh Nguyen, Freddie Highmore"
48,Wimbledon (2004),Richard Loncraine,"Paul Bettany, Jon Favreau, Sam Neill, Kirsten Dunst"
49,Flight of the Phoenix (2004),John Moore,"Giovanni Ribisi, Tyrese Gibson, Miranda Otto, Dennis Quaid"
50,Thunderbirds (2004),Jonathan Frakes,"Anthony Edwards, Ben Kingsley, Bill Paxton, Brady Corbet"
51,Criminal (2016),Ariel Vromen,"Kevin Costner, Ryan Reynolds, Gal Gadot, Gary Oldman"
52,Youth (2017),Xiaogang Feng,"Miao Miao, Elane Zhong, Caiyu Yang, Xuan Huang"
53,Godzilla (2014),Gareth Edwards,"Bryan Cranston, Ken Watanabe, Elizabeth Olsen, Aaron Taylor-Johnson"
54,The Take (2016),James Watkins,"Idris Elba, Richard Madden, Kelly Reilly, Charlotte Le Bon"
55,Harry Potter and the Goblet of Fire (2005),Mike Newell,"Daniel Radcliffe, Rupert Grint, Emma Watson, Eric Sykes"
56,Star Wars: Episode III,George Lucas,"Samuel L. Jackson, Hayden Christensen, Ewan McGregor, Natalie Portman"
57,"The Chronicles of Narnia: The Lion, the Witch and the Wardrobe (2005)",Andrew Adamson,"Georgie Henley, Tilda Swinton, Skandar Keynes, William Moseley"
58,War of the Worlds (2005),Steven Spielberg,"Tim Robbins, Dakota Fanning, Miranda Otto, Tom Cruise"
59,King Kong (2005),Peter Jackson,"Adrien Brody, Naomi Watts, Thomas Kretschmann, Jack Black"
60,Madagascar (2005),Eric Darnell,"Jada Pinkett Smith, David Schwimmer, Ben Stiller, Chris Rock"
61,Mr. & Mrs. Smith (2005),Doug Liman,"Vince Vaughn, Adam Brody, Brad Pitt, Angelina Jolie"
62,Mission: Impossible III (2006),J.J. Abrams,"Michelle Monaghan, Tom Cruise, Philip Seymour Hoffman, Ving Rhames"
63,Batman Begins (2005),Christopher Nolan,"Christian Bale, Michael Caine, Liam Neeson, Ken Watanabe"
64,The Island (2018),Bo Huang,"Baoqiang Wang, Yixing Zhang, Qi Shu, Bo Huang"
65,The Interpreter (2005),Sydney Pollack,"Sean Penn, Nicole Kidman, Catherine Keener, Jesper Christensen"
66,The Legend of Zorro (2005),Martin Campbell,"Rufus Sewell, Catherine Zeta-Jones, Alberto Reyes, Antonio Banderas"
67,Racing Stripes (2005),Frederik Du Chau,"Frankie Muniz, Snoop Dogg, Bruce Greenwood, David Spade"
68,Transporter 2 (2005),Louis Leterrier,"Alessandro Gassmann, Kate Nauta, Amber Valletta, Jason Statham"
69,Stealth (2005),Rob Cohen,"Jessica Biel, Jamie Foxx, Josh Lucas, Sam Shepard"
70,xXx: State of the Union (2005),Lee Tamahori,"Ice Cube, Samuel L. Jackson, Willem Dafoe, Scott Speedman"
71,Serenity (2019),Steven Knight,"Anne Hathaway, Diane Lane, Matthew McConaughey, Jason Clarke"
72,Nine Lives (2016),Barry Sonnenfeld,"Jennifer Garner, Cheryl Hines, Robbie Amell, Kevin Spacey"
73,Venom (2018),Ruben Fleischer,"Riz Ahmed, Tom Hardy, Michelle Williams, Scott Haze"
74,Dear Wendy (2005),Thomas Vinterberg,"Bill Pullman, Alison Pill, Jamie Bell, Chris Owen"
75,The Da Vinci Code (2006),Ron Howard,"Tom Hanks, Jean Reno, Audrey Tautou, Ian McKellen"
76,Ice Age: The Meltdown (2006),Carlos Saldanha,"Seann William Scott, Denis Leary, Ray Romano, John Leguizamo"
77,Casino Royale (2006),Martin Campbell,"Eva Green, Judi Dench, Daniel Craig, Jeffrey Wright"
78,Night at the Museum (2006),Shawn Levy,"Ricky Gervais, Carla Gugino, Ben Stiller, Dick Van Dyke"
79,X,Brett Ratner,"Famke Janssen, Patrick Stewart, Halle Berry, Hugh Jackman"
80,Superman Returns (2006),Bryan Singer,"Brandon Routh, Kate Bosworth, James Marsden, Kevin Spacey"
81,Happy Feet (2006),George Miller,"Robin Williams, Brittany Murphy, Elijah Wood, Hugh Jackman"
82,The Devil Wears Prada (2006),David Frankel,"Anne Hathaway, Emily Blunt, Meryl Streep, Adrian Grenier"
83,The Pursuit of Happyness (2006),Gabriele Muccino,"Brian Howe, Will Smith, Thandie Newton, Jaden Smith"
84,Eragon (2006),Stefen Fangmeier,"John Malkovich, Ed Speleers, Jeremy Irons, Sienna Guillory"
85,Click (2006),Frank Coraci,"Christopher Walken, Adam Sandler, Kate Beckinsale, David Hasselhoff"
86,Open Season (2006),Roger Allers,"Ashton Kutcher, Gary Sinise, Martin Lawrence, Debra Messing"
87,Poseidon (2006),Wolfgang Petersen,"Kurt Russell, Josh Lucas, Richard Dreyfuss, Emmy Rossum"
88,Deja Vu (2006),Tony Scott,"Denzel Washington, Paula Patton, Jim Caviezel, Val Kilmer"
89,Miami Vice (2006),Michael Mann,"Colin Farrell, Jamie Foxx, Naomie Harris, Li Gong"
90,World Trade Center (2006),Oliver Stone,"Maria Bello, Maggie Gyllenhaal, Michael Peña, Nicolas Cage"
91,Garfield: A Tail of Two Kitties (2006),Tim Hill,"Jennifer Love Hewitt, Breckin Meyer, Bill Murray, Billy Connolly"
92,Babel (2006),Alejandro G. Iñárritu,"Mohamed Akhzam, Cate Blanchett, Brad Pitt, Gael García Bernal"
93,Eight Below (2006),Frank Marshall,"Jason Biggs, Bruce Greenwood, Moon Bloodgood, Paul Walker"
94,Step Up (2006),Anne Fletcher,"Damaine Radcliff, Channing Tatum, Jenna Dewan, ""DeShawn Washington"""
95,Arthur and the Invisibles (2006),Luc Besson,"Madonna, Mia Farrow, Freddie Highmore, Ron Crawford"
96,The Guardian (2006),Andrew Davis,"Kevin Costner, Melissa Sagemiller, Sela Ward, Ashton Kutcher"
97,Firewall (2006),Richard Loncraine,"Paul Bettany, Carly Schroeder, Harrison Ford, Virginia Madsen"
98,The Sentinel (2006),Clark Johnson,"Michael Douglas, Eva Longoria, Kiefer Sutherland, Kim Basinger"
99,Curse of the Golden Flower (2006),Yimou Zhang,"Jay Chou, Ye Liu, Yun-Fat Chow, Li Gong"
100,When a Stranger Calls (2006),Simon West,"Camilla Belle, Tommy Flanagan, Tessa Thompson, Katie Cassidy"
101,16 Blocks (2006),Richard Donner,"Jenna Stern, David Morse, Bruce Willis, Yasiin Bey"
102,The Valet (2006),Francis Veber,"Gad Elmaleh, Daniel Auteuil, Kristin Scott Thomas, Alice Taglioni"
103,Tristan & Isolde (2006),Kevin Reynolds,"""David OHara"", Rufus Sewell, Sophia Myles, James Franco"
104,The Painted Veil (2006),John Curran,"Edward Norton, Naomi Watts, Liev Schreiber, Catherine An"
105,Black Book (2006),Paul Verhoeven,"Thom Hoffman, Carice van Houten, Sebastian Koch, Halina Reijn"
106,Alex Rider: Operation Stormbreaker (2006),Geoffrey Sax,"Alex Pettyfer, Sophie Okonedo, Sarah Bolger, Mickey Rourke"
107,Days of Glory (2006),Rachid Bouchareb,"Sami Bouajila, Samy Naceri, Roschdy Zem, Jamel Debbouze"
108,Bandidas (2006),Joachim Rønning,"Penélope Cruz, Salma Hayek, Dwight Yoakam, Steve Zahn"
109,Flyboys (2006),Tony Bill,"Jennifer Decker, Scott Hazell, Jean Reno, James Franco"
110,DOA: Dead or Alive (2006),Corey Yuen,"Jaime Pressly, Holly Valance, Devon Aoki, Sarah Carter"
111,Stolen (2012),Simon West,"Malin Akerman, Josh Lucas, Nicolas Cage, Danny Huston"
112,Abominable (2019),Jill Culton,"Joseph Izzo, Tenzing Norgay Trainor, Chloe Bennet, Albert Tsai"
113,Pirates of the Caribbean: At World's End (2007),Gore Verbinski,"Keira Knightley, Orlando Bloom, Johnny Depp, Geoffrey Rush"
114,Harry Potter and the Order of the Phoenix (2007),David Yates,"Daniel Radcliffe, Rupert Grint, Brendan Gleeson, Emma Watson"
115,Spider,Sam Raimi,"Tobey Maguire, Topher Grace, Thomas Haden Church, Kirsten Dunst"
116,Shrek the Third (2007),Chris Miller,"Antonio Banderas, Cameron Diaz, Eddie Murphy, Mike Myers"
117,Transformers (2007),Michael Bay,"Shia LaBeouf, Josh Duhamel, Tyrese Gibson, Megan Fox"
118,Ratatouille (2007),Brad Bird,"Ian Holm, Patton Oswalt, Lou Romano, Brad Garrett"
119,National Treasure: Book of Secrets (2007),Jon Turteltaub,"Jon Voight, Diane Kruger, Nicolas Cage, Justin Bartha"
120,The Bourne Ultimatum (2007),Paul Greengrass,"Julia Stiles, Matt Damon, Edgar Ramírez, Joan Allen"
121,Live Free or Die Hard (2007),Len Wiseman,"Timothy Olyphant, Bruce Willis, Maggie Q, Justin Long"
122,The Golden Compass (2007),Chris Weitz,"Ben Walker, Nicole Kidman, Dakota Blue Richards, Daniel Craig"
123,Mr. Bean's Holiday (2007),Steve Bendelack,"Rowan Atkinson, Lily Atkinson, Willem Dafoe, Steve Pemberton"
124,Ghost Rider (2007),Mark Steven Johnson,"Matt Long, Sam Elliott, Eva Mendes, Nicolas Cage"
125,Bridge to Terabithia (2007),Gabor Csupo,"Zooey Deschanel, Josh Hutcherson, AnnaSophia Robb, Robert Patrick"
126,Atonement (2007),Joe Wright,"Keira Knightley, James McAvoy, Brenda Blethyn, Saoirse Ronan"
127,The Water Horse (2007),Jay Russell,"Emily Watson, Bruce Allpress, David Morrissey, Alex Etel"
128,TMNT (2007),Kevin Munroe,"Patrick Stewart, Mako, Chris Evans, Sarah Michelle Gellar"
129,Shooter (2007),Antoine Fuqua,"Mark Wahlberg, Rhona Mitra, Michael Peña, Danny Glover"
130,No Reservations (2007),Scott Hicks,"Patricia Clarkson, Abigail Breslin, Aaron Eckhart, Catherine Zeta-Jones"
131,Next (2007),Lee Tamahori,"Julianne Moore, Jessica Biel, Thomas Kretschmann, Nicolas Cage"
132,Dragon Wars: D,Hyung-rae Shim,"Robert Forster, Jason Behr, Craig Robinson, Amanda Brooks"
133,"Lust, Caution (2007)",Ang Lee,"Joan Chen, Leehom Wang, Wei Tang, Tony Chiu-Wai Leung"
134,August Rush (2007),Kirsten Sheridan,"Keri Russell, Jonathan Rhys Meyers, Freddie Highmore, Terrence Howard"
135,The Warlords (2007),Peter Ho-Sun Chan,"Andy Lau, Jet Li, Takeshi Kaneshiro, Jinglei Xu"
136,Becoming Jane (2007),Julian Jarrold,"Julie Walters, Anne Hathaway, James McAvoy, James Cromwell"
137,My Blueberry Nights (2007),Kar-Wai Wong,"Jude Law, Chad R. Davis, Norah Jones, Natalie Portman"
138,Flash Point (2007),Wilson Yip,"Donnie Yen, Louis Koo, Ray Lui, Collin Chou"
139,Tuya's Marriage (2006),Quan'an Wang,"""Batoer"", Nan Yu, ""Senge"", ""Baolier"""
140,Mad Detective (2007),Johnnie To,"Ching Wan Lau, Andy On, Ka Tung Lam, Kelly Lin"
141,Nanking (2007),Bill Guttentag,"Hugo Armstrong, John Getz, Stephen Dorff, Rosalind Chao"
142,Lost in Beijing (2007),Yu Li,"Dawei Tong, Elaine Jin, Tony Ka Fai Leung, Bingbing Fan"
143,Kung Fu Panda (2008),Mark Osborne,"Dustin Hoffman, Jack Black, Ian McShane, Angelina Jolie"
144,Hancock (2008),Peter Berg,"Charlize Theron, Will Smith, Jae Head, Jason Bateman"
145,Madagascar: Escape 2 Africa (2008),Eric Darnell,"Jada Pinkett Smith, David Schwimmer, Ben Stiller, Chris Rock"
146,Quantum of Solace (2008),Marc Forster,"Olga Kurylenko, Judi Dench, Mathieu Amalric, Daniel Craig"
147,Iron Man (2008),Jon Favreau,"Gwyneth Paltrow, Jeff Bridges, Robert Downey Jr., Terrence Howard"
148,The Chronicles of Narnia: Prince Caspian (2008),Andrew Adamson,"Ben Barnes, Skandar Keynes, William Moseley, Georgie Henley"
149,The Mummy: Tomb of the Dragon Emperor (2008),Rob Cohen,"Brendan Fraser, Maria Bello, Jet Li, Michelle Yeoh"
150,Slumdog Millionaire (2008),Danny Boyle,"Anil Kapoor, Dev Patel, Saurabh Shukla, Freida Pinto"
151,Bolt (2008),Byron Howard,"John Travolta, Mark Walton, Miley Cyrus, Susie Essman"
152,"10,000 BC (2008)",Roland Emmerich,"Camilla Belle, Steven Strait, Cliff Curtis, Marco Khan"
153,The Incredible Hulk (2008),Louis Leterrier,"Edward Norton, William Hurt, Liv Tyler, Tim Roth"
154,Journey to the Center of the Earth (2008),Eric Brevig,"Brendan Fraser, Anita Briem, Josh Hutcherson, Seth Meyers"
155,Taken (2008),Pierre Morel,"Maggie Grace, Leland Orser, Famke Janssen, Liam Neeson"
156,Australia (2008),Baz Luhrmann,"Nicole Kidman, Eddie Baroo, Shea Adams, Hugh Jackman"
157,Valkyrie (2008),Bryan Singer,"Kenneth Branagh, Bill Nighy, Carice van Houten, Tom Cruise"
158,Hellboy II: The Golden Army (2008),Guillermo del Toro,"Selma Blair, John Alexander, Ron Perlman, Doug Jones"
159,The Spiderwick Chronicles (2008),Mark Waters,"Sarah Bolger, Mary-Louise Parker, Freddie Highmore, David Strathairn"
160,27 Dresses (2008),Anne Fletcher,"Brian Kerwin, Malin Akerman, Katherine Heigl, James Marsden"
161,Step Up 2: The Streets (2008),Jon M. Chu,"Adam Sevani, Cassie Ventura, Robert Hoffman, Briana Evigan"
162,Red Cliff (2008),John Woo,"Takeshi Kaneshiro, Chen Chang, Tony Chiu-Wai Leung, Fengyi Zhang"
163,The Forbidden Kingdom (2008),Rob Minkoff,"Michael Angarano, Jackie Chan, Jet Li, Juana Collignon"
164,Fool's Gold (2008),Andy Tennant,"Alexis Dziena, Kate Hudson, Matthew McConaughey, Donald Sutherland"
165,Transporter 3 (2008),Olivier Megaton,"Natalya Rudakova, Robert Knepper, François Berléand, Jason Statham"
166,Speed Racer (2008),Lana Wachowski,"Nicholas Elia, Matthew Fox, Christina Ricci, Emile Hirsch"
167,Babylon A.D. (2008),Mathieu Kassovitz,"Michelle Yeoh, Mélanie Thierry, Gérard Depardieu, Vin Diesel"
168,CJ7 (2008),Stephen Chow,"Jiao Xu, Stephen Chow, Yuqi Zhang, Lei Huang"
169,My Mom's New Boyfriend (2008),George Gallo,"Selma Blair, Meg Ryan, Colin Hanks, Antonio Banderas"
170,The Children of Huang Shi (2008),Roger Spottiswoode,"Jonathan Rhys Meyers, Michelle Yeoh, Yun-Fat Chow, Radha Mitchell"
171,Passengers (2016),Morten Tyldum,"Michael Sheen, Jennifer Lawrence, Chris Pratt, Laurence Fishburne"
172,Ashes of Time (1994),Kar-Wai Wong,"Maggie Cheung, Leslie Cheung, Tony Chiu-Wai Leung, Brigitte Lin"
173,Avatar (2009),James Cameron,"Michelle Rodriguez, Zoe Saldana, Sigourney Weaver, Sam Worthington"
174,Transformers: Revenge of the Fallen (2009),Michael Bay,"Shia LaBeouf, Josh Duhamel, Tyrese Gibson, Megan Fox"
175,2012 (2009),Roland Emmerich,"Amanda Peet, Chiwetel Ejiofor, Thandie Newton, John Cusack"
176,Star Trek (2009),J.J. Abrams,"Chris Pine, Leonard Nimoy, Simon Pegg, Zachary Quinto"
177,Dragonball Evolution (2009),James Wong,"James Marsters, Emmy Rossum, Justin Chatwin, Yun-Fat Chow"
178,Battle for Terra (2007),Aristomenis Tsirbas,"Chad Allen, Evan Rachel Wood, Justin Long, Luke Wilson"
179,24 City (2008),Zhangke Jia,"Liping Lü, Tao Zhao, Jianbin Chen, Joan Chen"
180,Home (2015),Tim Johnson,"Steve Martin, Jennifer Lopez, Rihanna, Jim Parsons"
181,Harry Potter and the Deathly Hallows: Part 1 (2010),David Yates,"Daniel Radcliffe, Rupert Grint, Bill Nighy, Emma Watson"
182,Inception (2010),Christopher Nolan,"Joseph Gordon-Levitt, Ken Watanabe, Leonardo DiCaprio, Ellen Page"
183,Shrek Forever After (2010),Mike Mitchell,"Antonio Banderas, Cameron Diaz, Eddie Murphy, Mike Myers"
184,Iron Man 2 (2010),Jon Favreau,"Gwyneth Paltrow, Robert Downey Jr., Don Cheadle, Mickey Rourke"
185,The Chronicles of Narnia: The Voyage of the Dawn Treader (2010),Michael Apted,"Ben Barnes, Skandar Keynes, Will Poulter, Georgie Henley"
186,TRON: Legacy (2010),Joseph Kosinski,"Jeff Bridges, Garrett Hedlund, Bruce Boxleitner, Olivia Wilde"
187,Robin Hood (2018),Otto Bathurst,"Ben Mendelsohn, Jamie Foxx, Taron Egerton, Eve Hewson"
188,The Last Airbender (2010),M. Night Shyamalan,"Jackson Rathbone, Nicola Peltz, Noah Ringer, Dev Patel"
189,Resident Evil: Afterlife (2010),Paul W.S. Anderson,"Wentworth Miller, Ali Larter, Kim Coates, Milla Jovovich"
190,The Tourist (2010),Florian Henckel von Donnersmarck,"Paul Bettany, Timothy Dalton, Johnny Depp, Angelina Jolie"
191,The Expendables (2010),Sylvester Stallone,"Sylvester Stallone, Dolph Lundgren, Jet Li, Jason Statham"
192,Knight and Day (2010),James Mangold,"Peter Sarsgaard, Jordi Mollà, Cameron Diaz, Tom Cruise"
193,The Sorcerer's Apprentice (2010),Jon Turteltaub,"Alfred Molina, Teresa Palmer, Jay Baruchel, Nicolas Cage"
194,Legend of the Guardians: The Owls of Ga'Hoole (2010),Zack Snyder,"David Wenham, Jim Sturgess, Hugo Weaving, Emily Barclay"
195,Wall Street: Money Never Sleeps (2010),Oliver Stone,"Shia LaBeouf, Carey Mulligan, Josh Brolin, Michael Douglas"
196,Let the Bullets Fly (2010),Wen Jiang,"Carina Lau, Wen Jiang, Yun-Fat Chow, You Ge"
197,If You Are the One 2 (2010),Xiaogang Feng,"Chen Yao, Qi Shu, Honglei Sun, You Ge"
198,Detective Dee: Mystery of the Phantom Flame (2010),Hark Tsui,"Carina Lau, Bingbing Li, Tony Ka Fai Leung, Chao Deng"
199,Alpha and Omega (2010),Anthony Bell,"Justin Long, Dennis Hopper, Christina Ricci, Hayden Panettiere"
200,Avatar (2009),James Cameron,"Michelle Rodriguez, Zoe Saldana, Sigourney Weaver, Sam Worthington"
201,Sacrifice (2010),Kaige Chen,"Xiaoming Huang, Xueqi Wang, Bingbing Fan, You Ge"
202,Legend of the Fist: The Return of Chen Zhen (2010),Andrew Lau,"Anthony Chau-Sang Wong, Qi Shu, Donnie Yen, Alex Ahlstrom"
203,Heartbreaker (2010),Pascal Chaumeil,"Romain Duris, Vanessa Paradis, François Damiens, Julie Ferrier"
204,Frozen (2013),Chris Buck,"Josh Gad, Jonathan Groff, Idina Menzel, Kristen Bell"
205,Only the Brave (2017),Joseph Kosinski,"Miles Teller, Jeff Bridges, Josh Brolin, Jennifer Connelly"
206,Logan (2017),James Mangold,"Dafne Keen, Patrick Stewart, Boyd Holbrook, Hugh Jackman"
207,Harry Potter and the Deathly Hallows: Part 2 (2011),David Yates,"Daniel Radcliffe, Rupert Grint, Michael Gambon, Emma Watson"
208,Transformers: Dark of the Moon (2011),Michael Bay,"Shia LaBeouf, Josh Duhamel, Tyrese Gibson, Rosie Huntington-Whiteley"
209,Pirates of the Caribbean: On Stranger Tides (2011),Rob Marshall,"Penélope Cruz, Ian McShane, Johnny Depp, Geoffrey Rush"
210,Mission: Impossible,Brad Bird,"Jeremy Renner, Paula Patton, Tom Cruise, Simon Pegg"
211,Kung Fu Panda 2 (2011),Jennifer Yuh Nelson,"Dustin Hoffman, Jackie Chan, Jack Black, Angelina Jolie"
212,The Smurfs (2011),Raja Gosnell,"Jonathan Winters, Hank Azaria, Neil Patrick Harris, Katy Perry"
213,The Smurfs (2011),Raja Gosnell,"Jonathan Winters, Hank Azaria, Neil Patrick Harris, Katy Perry"
214,Rio (2011),Carlos Saldanha,"Karen Disher, Anne Hathaway, Jesse Eisenberg, George Lopez"
215,Rise of the Planet of the Apes (2011),Rupert Wyatt,"Andy Serkis, Karin Konoval, James Franco, Freida Pinto"
216,Hotel Transylvania (2012),Genndy Tartakovsky,"Kevin James, Adam Sandler, Andy Samberg, Selena Gomez"
217,The Green Hornet (2011),Michel Gondry,"Jay Chou, Cameron Diaz, Seth Rogen, Christoph Waltz"
218,Battle Los Angeles (2011),Jonathan Liebesman,"Michelle Rodriguez, Aaron Eckhart, Bridget Moynahan, Ramon Rodriguez"
219,Happy Feet Two (2011),George Miller,"Carlos Alazraqui, Robin Williams, Elijah Wood, Pink"
220,I Am Number Four (2011),D.J. Caruso,"Alex Pettyfer, Dianna Agron, Teresa Palmer, Timothy Olyphant"
221,Source Code (2011),Duncan Jones,"Michelle Monaghan, Jake Gyllenhaal, Vera Farmiga, Jeffrey Wright"
222,The Iron Lady (2011),Phyllida Lloyd,"Susan Brown, Jim Broadbent, Richard E. Grant, Meryl Streep"
223,The Mechanic (2011),Simon West,"Tony Goldwyn, Donald Sutherland, Jason Statham, Ben Foster"
224,Beginning of the Great Revival (2011),Sanping Han,"Bingbing Fan, Yun-Fat Chow, John Woo, Daniel Wu"
225,Shaolin (2011),Benny Chan,"Xing Yu, Jing Wu, Shaoqun Yu, Chen Zhiui"
226,Starbuck (2011),Ken Scott,"Patrick Huard, Dominic Philie, Antoine Bertrand, Julie LeBreton"
227,"The Butcher, the Chef, and the Swordsman (2010)",Wuershan,"Swanson Han, Xiaoye Liu, Hou Xiang, Masanobu Andô"
228,The Avengers (2012),Joss Whedon,"Jeremy Renner, Scarlett Johansson, Robert Downey Jr., Chris Evans"
229,Skyfall (2012),Sam Mendes,"Judi Dench, Javier Bardem, Naomie Harris, Daniel Craig"
230,The Dark Knight Rises (2012),Christopher Nolan,"Anne Hathaway, Christian Bale, Tom Hardy, Gary Oldman"
231,The Hobbit: An Unexpected Journey (2012),Peter Jackson,"Andy Serkis, Ian McKellen, Martin Freeman, Richard Armitage"
232,Ice Age: Continental Drift (2012),Steve Martino,"Denis Leary, Ray Romano, John Leguizamo, Aziz Ansari"
233,The Amazing Spider,Marc Webb,"Irrfan Khan, Rhys Ifans, Emma Stone, Andrew Garfield"
234,Madagascar 3: Europe's Most Wanted (2012),Eric Darnell,"Jada Pinkett Smith, David Schwimmer, Ben Stiller, Chris Rock"
235,The Hunger Games (2012),Gary Ross,"Jennifer Lawrence, Stanley Tucci, Josh Hutcherson, Liam Hemsworth"
236,Men in Black 3 (2012),Barry Sonnenfeld,"Josh Brolin, Will Smith, Tommy Lee Jones, Jemaine Clement"
237,Life of Pi (2012),Ang Lee,"Irrfan Khan, Tabu, Suraj Sharma, Adil Hussain"
238,Les Misérables (2012),Tom Hooper,"Anne Hathaway, Russell Crowe, Amanda Seyfried, Hugh Jackman"
239,Django Unchained (2012),Quentin Tarantino,"Christoph Waltz, Jamie Foxx, Leonardo DiCaprio, Kerry Washington"
240,Titanic (1997),James Cameron,"Kathy Bates, Billy Zane, Kate Winslet, Leonardo DiCaprio"
241,Journey 2: The Mysterious Island (2012),Brad Peyton,"Luis Guzmán, Michael Caine, Josh Hutcherson, Dwayne Johnson"
242,The Expendables 2 (2012),Simon West,"Sylvester Stallone, Randy Couture, Jean-Claude Van Damme, Liam Hemsworth"
243,Battleship (2012),Peter Berg,"Brooklyn Decker, Alexander Skarsgård, Liam Neeson, Rihanna"
244,The Bourne Legacy (2012),Tony Gilroy,"Rachel Weisz, Scott Glenn, Edward Norton, Jeremy Renner"
245,Resident Evil: Retribution (2012),Paul W.S. Anderson,"Michelle Rodriguez, Aryana Engineer, Sienna Guillory, Milla Jovovich"
246,Jack Reacher (2012),Christopher McQuarrie,"Rosamund Pike, Richard Jenkins, Werner Herzog, Tom Cruise"
247,Total Recall (2012),Len Wiseman,"Kate Beckinsale, Colin Farrell, Bryan Cranston, Bokeem Woodbine"
248,The Impossible (2012),J.A. Bayona,"Naomi Watts, Tom Holland, Ewan McGregor, Oaklee Pendergast"
249,Lost in Thailand (2012),Zheng Xu,"Zheng Xu, Hong Tao, Baoqiang Wang, Bo Huang"
250,Looper (2012),Rian Johnson,"Joseph Gordon-Levitt, Bruce Willis, Emily Blunt, Paul Dano"
251,Cloud Atlas (2012),Tom Tykwer,"Tom Hanks, Hugh Grant, Hugo Weaving, Halle Berry"
252,The Pirates! Band of Misfits (2012),Peter Lord,"Salma Hayek, Martin Freeman, Hugh Grant, Jeremy Piven"
253,The Thieves (2012),Dong-hoon Choi,"Ji-Hyun Jun, Yoon-seok Kim, Jung-jae Lee, Hye-su Kim"
254,A Werewolf Boy (2012),Sung-hee Jo,"Young-nam Jang, Yeong-ran Lee, Bo-Young Park, Joong-Ki Song"
255,Dredd (2012),Pete Travis,"Olivia Thirlby, Karl Urban, Lena Headey, Rachel Wood"
256,Upside Down (2012),Juan Solanas,"Timothy Spall, Jim Sturgess, Blu Mankuma, Kirsten Dunst"
257,The Company You Keep (2012),Robert Redford,"Brit Marling, Stanley Tucci, Nick Nolte, Robert Redford"
258,Gone (2012),Heitor Dhalia,"Jennifer Carpenter, Daniel Sunjata, Wes Bentley, Amanda Seyfried"
259,The Guillotines (2012),Andrew Lau,"Xiaoming Huang, Ethan Juan, Tian Gao, Purba Rgyal"
260,Iron Man 3 (2013),Shane Black,"Guy Pearce, Gwyneth Paltrow, Robert Downey Jr., Don Cheadle"
261,Despicable Me 2 (2013),Pierre Coffin,"Miranda Cosgrove, Steve Carell, Benjamin Bratt, Kristen Wiig"
262,The Hobbit: The Desolation of Smaug (2013),Peter Jackson,"Ken Stott, Martin Freeman, Ian McKellen, Richard Armitage"
263,The Hunger Games: Catching Fire (2013),Francis Lawrence,"Jennifer Lawrence, Josh Hutcherson, Philip Seymour Hoffman, Liam Hemsworth"
264,Fast & Furious 6 (2013),Justin Lin,"Michelle Rodriguez, Dwayne Johnson, Paul Walker, Vin Diesel"
265,Monsters University (2013),Dan Scanlon,"Steve Buscemi, Billy Crystal, John Goodman, Helen Mirren"
266,Gravity (2013),Alfonso Cuarón,"Sandra Bullock, George Clooney, Ed Harris, Orto Ignatiussen"
267,Man of Steel (2013),Zack Snyder,"Amy Adams, Diane Lane, Michael Shannon, Henry Cavill"
268,Thor: The Dark World (2013),Alan Taylor,"Chris Hemsworth, Tom Hiddleston, Stellan Skarsgård, Natalie Portman"
269,The Croods (2013),Kirk DeMicco,"Catherine Keener, Ryan Reynolds, Emma Stone, Nicolas Cage"
270,Oz The Great and Powerful (2013),Sam Raimi,"Rachel Weisz, Michelle Williams, James Franco, Mila Kunis"
271,Star Trek Into Darkness (2013),J.J. Abrams,"Chris Pine, Zoe Saldana, Benedict Cumberbatch, Zachary Quinto"
272,The Wolverine (2013),James Mangold,"Rila Fukushima, Will Yun Lee, Tao Okamoto, Hugh Jackman"
273,Pacific Rim (2013),Guillermo del Toro,"Rinko Kikuchi, Charlie Hunnam, Idris Elba, Charlie Day"
274,G.I. Joe: Retaliation (2013),Jon M. Chu,"Channing Tatum, Byung-hun Lee, Adrianne Palicki, Dwayne Johnson"
275,The Great Gatsby (2013),Baz Luhrmann,"Joel Edgerton, Carey Mulligan, Tobey Maguire, Leonardo DiCaprio"
276,Now You See Me (2013),Louis Leterrier,"Woody Harrelson, Jesse Eisenberg, Mark Ruffalo, Common"
277,The Smurfs 2 (2013),Raja Gosnell,"Hank Azaria, Neil Patrick Harris, Katy Perry, Jayma Mays"
278,A Good Day to Die Hard (2013),John Moore,"Bruce Willis, Sebastian Koch, Mary Elizabeth Winstead, Jai Courtney"
279,Oblivion (2013),Joseph Kosinski,"Olga Kurylenko, Tom Cruise, Andrea Riseborough, Morgan Freeman"
280,Elysium (2013),Neill Blomkamp,"Alice Braga, Jodie Foster, Matt Damon, Sharlto Copley"
281,Turbo (2013),David Soren,"Samuel L. Jackson, Ryan Reynolds, Paul Giamatti, Maya Rudolph"
282,Epic (2013),Chris Wedge,"Beyoncé, Colin Farrell, Josh Hutcherson, Amanda Seyfried"
283,The Lone Ranger (2013),Gore Verbinski,"Armie Hammer, William Fichtner, Johnny Depp, Tom Wilkinson"
284,American Hustle (2013),David O. Russell,"Bradley Cooper, Christian Bale, Amy Adams, Jennifer Lawrence"
285,After Earth (2013),M. Night Shyamalan,"David Denman, Will Smith, Sophie Okonedo, Jaden Smith"
286,Journey to the West (2013),Stephen Chow,"Qi Shu, Show Lo, Zhang Wen, Bo Huang"
287,White House Down (2013),Roland Emmerich,"Jamie Foxx, Channing Tatum, Jason Clarke, Maggie Gyllenhaal"
288,Jack the Giant Slayer (2013),Bryan Singer,"Bill Nighy, Nicholas Hoult, Stanley Tucci, Ewan McGregor"
289,Olympus Has Fallen (2013),Antoine Fuqua,"Angela Bassett, Aaron Eckhart, Gerard Butler, Morgan Freeman"
290,RED 2 (2013),Dean Parisot,"John Malkovich, Bruce Willis, Anthony Hopkins, Helen Mirren"
291,Escape Plan (2013),Mikael Håfström,"Sylvester Stallone, ""Vincent DOnofrio"", 50 Cent, Arnold Schwarzenegger"
292,Ender's Game (2013),Gavin Hood,"Abigail Breslin, Asa Butterfield, Harrison Ford, Hailee Steinfeld"
293,Jurassic Park (1993),Steven Spielberg,"Laura Dern, Jeff Goldblum, Sam Neill, Richard Attenborough"
294,Personal Tailor (2013),Xiaogang Feng,"Bingkun Cao, Jackie Chan, Nathaniel Boyd, Baihe Bai"
295,So Young (2013),Wei Zhao,"Mark Chao, Geng Han, Shuying Jiang, Zishan Yang"
296,Free Birds (2013),Jimmy Hayward,"Dan Fogler, Owen Wilson, Amy Poehler, Woody Harrelson"
297,Young Detective Dee: Rise of the Sea Dragon (2013),Hark Tsui,"Carina Lau, Mark Chao, Chien Sheng, Angelababy"
298,The Mortal Instruments: City of Bones (2013),Harald Zwart,"Jamie Campbell Bower, Jemima West, Lily Collins, Robert Sheehan"
299,Police Story: Lockdown (2013),Sheng Ding,"Jackie Chan, Tian Jing, Tao Yin, Ye Liu"
300,Dhoom 3 (2013),Vijay Krishna Acharya,"Aamir Khan, Katrina Kaif, Uday Chopra, Abhishek Bachchan"
301,Snowpiercer (2013),Bong Joon Ho,"Tilda Swinton, Jamie Bell, Ed Harris, Chris Evans"
302,Finding Mr. Right (2013),Xiaolu Xue,"Xiubo Wu, Hongmei Mai, Hai-Qing, Wei Tang"
303,Tiny Times (2013),Jingming Guo,"Mi Yang, Rhydian Vaughan, Kai Ko, Amber Kuo"
304,Stalingrad (2013),Fedor Bondarchuk,"Yanina Studilina, Mariya Smolnikova, Pyotr Fyodorov, Thomas Kretschmann"
305,Thunder and the House of Magic (2013),Jeremy Degruson,"Brianne Brozey, Cinda Adams, George Babbit, Kathleen Gati"
306,The Grandmaster (2013),Kar-Wai Wong,"Jin Zhang, Ziyi Zhang, Chen Chang, Tony Chiu-Wai Leung"
307,The Legend of Hercules (2014),Renny Harlin,"Gaia Weiss, Roxanne McKee, Kellan Lutz, Scott Adkins"
308,Homefront (2013),Gary Fleder,"Winona Ryder, Kate Bosworth, Jason Statham, James Franco"
309,The Last Stand (2013),Jee-woon Kim,"Arnold Schwarzenegger, Rodrigo Santoro, Johnny Knoxville, Forest Whitaker"
310,Tiny Times 2.0 (2013),Jingming Guo,"Mi Yang, Rhydian Vaughan, Kai Ko, Amber Kuo"
311,Jobs (2013),Joshua Michael Stern,"Ashton Kutcher, Dermot Mulroney, Lukas Haas, Josh Gad"
312,A Wedding Invitation (2013),Ki-hwan Oh,"Eddie Peng, Jinfu Jiang, Baihe Bai, Pace Wu"
313,Special ID (2013),Clarence Yiu-leung Fok,"Ronald Cheng, Tian Jing, Donnie Yen, Andy On"
314,Khumba (2013),Anthony Silverston,"Bryce Papenbrook, Jake T. Austin, Adrian Rhodes, Sam Riegel"
315,Drug War (2012),Johnnie To,"Honglei Sun, Louis Koo, Yi Huang, Michelle Ye"
316,Fei chang xing yun (2013),Dennie Gordon,"Leehom Wang, Ziyi Zhang, Terri Kwan, Ryan Zheng"
317,Bullet to the Head (2012),Walter Hill,"Sylvester Stallone, Sung Kang, Jason Momoa, Christian Slater"
318,The Rooftop (2013),Jay Chou,"Alan Ko, Xueqi Wang, Eric Tsang, Jay Chou"
319,Redemption (2013),Steven Knight,"Vicky McClure, Benedict Wong, Jason Statham, Agata Buzek"
320,Man of Tai Chi (2013),Keanu Reeves,"Tiger Hu Chen, Karen Mok, Hai Yu, Keanu Reeves"
321,Ip Man: The Final Fight (2013),Herman Yau,"Gillian Chung, Anthony Chau-Sang Wong, Eric Tsang, Jordan Chan"
322,Welcome to the Punch (2013),Eran Creevy,"Peter Mullan, James McAvoy, Andrea Riseborough, Mark Strong"
323,Transformers: Age of Extinction (2014),Michael Bay,"Nicola Peltz, Stanley Tucci, Mark Wahlberg, Jack Reynor"
324,The Hobbit: The Battle of the Five Armies (2014),Peter Jackson,"Martin Freeman, Cate Blanchett, Ian McKellen, Richard Armitage"
325,Guardians of the Galaxy (2014),James Gunn,"Bradley Cooper, Zoe Saldana, Chris Pratt, Vin Diesel"
326,Maleficent (2014),Robert Stromberg,"Elle Fanning, Sharlto Copley, Lesley Manville, Angelina Jolie"
327,The Hunger Games: Mockingjay,Francis Lawrence,"Woody Harrelson, Jennifer Lawrence, Josh Hutcherson, Liam Hemsworth"
328,X,Bryan Singer,"Patrick Stewart, James McAvoy, Ian McKellen, Hugh Jackman"
329,Captain America: The Winter Soldier (2014),Anthony Russo,"Samuel L. Jackson, Scarlett Johansson, Chris Evans, Robert Redford"
330,Dawn of the Planet of the Apes (2014),Matt Reeves,"Keri Russell, Andy Serkis, Kodi Smit-McPhee, Gary Oldman"
331,The Amazing Spider,Marc Webb,"Jamie Foxx, Paul Giamatti, Emma Stone, Andrew Garfield"
332,Interstellar (2014),Christopher Nolan,"Anne Hathaway, Jessica Chastain, Matthew McConaughey, Mackenzie Foy"
333,Big Hero 6 (2014),Don Hall,"T.J. Miller, Jamie Chung, Ryan Potter, Scott Adsit"
334,How to Train Your Dragon 2 (2014),Dean DeBlois,"Craig Ferguson, Jay Baruchel, Cate Blanchett, Gerard Butler"
335,Rio 2 (2014),Carlos Saldanha,"Anne Hathaway, Andy Garcia, Jesse Eisenberg, Jemaine Clement"
336,Teenage Mutant Ninja Turtles (2014),Jonathan Liebesman,"Noel Fisher, Will Arnett, William Fichtner, Megan Fox"
337,Lucy (2014),Luc Besson,"Amr Waked, Scarlett Johansson, Min-sik Choi, Morgan Freeman"
338,Penguins of Madagascar (2014),Eric Darnell,"Conrad Vernon, Christopher Knights, Tom McGrath, Chris Miller"
339,Edge of Tomorrow (2014),Doug Liman,"Brendan Gleeson, Emily Blunt, Tom Cruise, Bill Paxton"
340,Night at the Museum: Secret of the Tomb (2014),Shawn Levy,"Owen Wilson, Robin Williams, Ben Stiller, Dick Van Dyke"
341,The Maze Runner (2014),Wes Ball,"Thomas Brodie-Sangster, ""Dylan OBrien"", Will Poulter, Kaya Scodelario"
342,Divergent (2014),Neil Burger,"Theo James, Shailene Woodley, Kate Winslet, Jai Courtney"
343,Mr. Peabody & Sherman (2014),Rob Minkoff,"Stephen Colbert, Leslie Mann, Max Charles, Ty Burrell"
344,Paddington (2014),Paul King,"Hugh Bonneville, Sally Hawkins, Julie Walters, Jim Broadbent"
345,Hercules (2014),Brett Ratner,"John Hurt, Joseph Fiennes, Ian McShane, Dwayne Johnson"
346,RoboCop (2014),José Padilha,"Abbie Cornish, Joel Kinnaman, Gary Oldman, Michael Keaton"
347,The Imitation Game (2014),Morten Tyldum,"Keira Knightley, Benedict Cumberbatch, Allen Leech, Matthew Goode"
348,Non,Jaume Collet-Serra,"Julianne Moore, Scoot McNairy, Michelle Dockery, Liam Neeson"
349,The Expendables 3 (2014),Patrick Hughes,"Sylvester Stallone, Jet Li, Jason Statham, Antonio Banderas"
350,Fury (2014),David Ayer,"Shia LaBeouf, Logan Lerman, Michael Peña, Brad Pitt"
351,Need for Speed (2014),Scott Waugh,"Dominic Cooper, Imogen Poots, Kid Cudi, Aaron Paul"
352,Breakup Buddies (2014),Hao Ning,"Zheng Xu, Quan Yuan, Bo Huang, Dongyu Zhou"
353,Into the Storm (2014),Steven Quale,"Matt Walsh, Max Deacon, Sarah Wayne Callies, Richard Armitage"
354,Unbroken (2014),Angelina Jolie,"Garrett Hedlund, Miyavi, Domhnall Gleeson, ""Jack OConnell"""
355,The Monuments Men (2014),George Clooney,"George Clooney, Cate Blanchett, Matt Damon, Bill Murray"
356,The Taking of Tiger Mountain (2014),Hark Tsui,"Kenny Lin, Tony Ka Fai Leung, Nan Yu, Hanyu Zhang"
357,The Admiral: Roaring Currents (2014),Han-min Kim,"Myung-gon Kim, Seung-ryong Ryu, Min-sik Choi, Jin-woong Cho"
358,Jack Ryan: Shadow Recruit (2014),Kenneth Branagh,"Chris Pine, Keira Knightley, Kevin Costner, Kenneth Branagh"
359,The Nut Job (2014),Peter Lepeniotis,"Brendan Fraser, Will Arnett, Katherine Heigl, Liam Neeson"
360,Pompeii (2014),Paul W.S. Anderson,"Emily Browning, Adewale Akinnuoye-Agbaje, Kiefer Sutherland, Kit Harington"
361,Seventh Son (2014),Sergei Bodrov,"Ben Barnes, Jeff Bridges, Julianne Moore, Alicia Vikander"
362,The Breakup Guru (2014),Chao Deng,"Yan Liu, Mi Yang, Chao Deng, Chao Liang"
363,Transcendence (2014),Wally Pfister,"Cillian Murphy, Rebecca Hall, Johnny Depp, Morgan Freeman"
364,PK (2014),Rajkumar Hirani,"Sanjay Dutt, Aamir Khan, Boman Irani, Anushka Sharma"
365,Fleet of Time (2014),Yibai Zhang,"Eddie Peng, Ni Ni, Vision Wei, Ryan Zheng"
366,"I, Frankenstein (2014)",Stuart Beattie,"Bill Nighy, Aaron Eckhart, Miranda Otto, Virginie Le Brun"
367,Brick Mansions (2014),Camille Delamarre,"RZA, Goûchy Boy, David Belle, Paul Walker"
368,Beijing Love Story (2014),Sicheng Chen,"Carina Lau, Tony Ka Fai Leung, Liya Tong, Sicheng Chen"
369,Begin Again (2013),John Carney,"Keira Knightley, Adam Levine, Mark Ruffalo, Hailee Steinfeld"
370,The Walk (2015),Robert Zemeckis,"Émilie Leclerc, Joseph Gordon-Levitt, Guillaume Baillargeon, Charlotte Le Bon"
371,Coming Home (2014),Yimou Zhang,"Tao Guo, Huiwen Zhang, Daoming Chen, Li Gong"
372,Beauty and the Beast (2017),Bill Condon,"Josh Gad, Dan Stevens, Luke Evans, Emma Watson"
373,Wei ai zhi jian ru jia jing (2014),Changwei Gu,"Angelababy, Luyi Zhang, He Chen, Lu Cao"
374,The November Man (2014),Roger Donaldson,"Luke Bracey, Bill Smitrovich, Pierce Brosnan, Olga Kurylenko"
375,Women Who Flirt (2014),Ho-Cheung Pang,"Xiaoming Huang, Yi-Lin Sie, Sonia Sui, Xun Zhou"
376,But Always (2014),Snow Zou,"Alice Li, Nicholas Tse, Haitao Du, Yuanyuan Gao"
377,Left Behind (2014),Vic Armstrong,"Chad Michael Murray, Cassi Thomson, Nicolas Cage, Lea Thompson"
378,Kung Fu Jungle (2014),Teddy Chan,"Charlie Yeung, Bing Bai, Donnie Yen, Baoqiang Wang"
379,Sabotage (2014),David Ayer,"Arnold Schwarzenegger, Terrence Howard, Olivia Williams, Sam Worthington"
380,That Demon Within (2014),Dante Lam,"Nick Cheung, Shatina Chen, Kai Chi Liu, Daniel Wu"
381,The Two Faces of January (2014),Hossein Amini,"Oscar Isaac, Daisy Bevan, Kirsten Dunst, Viggo Mortensen"
382,Predestination (2014),Michael Spierig,"Madeleine West, Sarah Snook, Noah Taylor, Ethan Hawke"
383,Song of the Sea (2014),Tomm Moore,"Brendan Gleeson, Fionnula Flanagan, David Rawle, Lisa Hannigan"
384,All You Need Is Love (2014),Stuart Cameron,Sigourney Weaver
385,Star Wars: Episode VII,J.J. Abrams,"Oscar Isaac, Daisy Ridley, Domhnall Gleeson, John Boyega"
386,Jurassic World (2015),Colin Trevorrow,"Judy Greer, Bryce Dallas Howard, Chris Pratt, Ty Simpkins"
387,Furious 7 (2015),James Wan,"Dwayne Johnson, Paul Walker, Jason Statham, Vin Diesel"
388,Avengers: Age of Ultron (2015),Joss Whedon,"Mark Ruffalo, Chris Hemsworth, Robert Downey Jr., Chris Evans"
389,Minions (2015),Kyle Balda,"Sandra Bullock, Pierre Coffin, Jon Hamm, Michael Keaton"
390,Spectre (2015),Sam Mendes,"Christoph Waltz, Léa Seydoux, Ralph Fiennes, Daniel Craig"
391,Inside Out (2015),Pete Docter,"Lewis Black, Amy Poehler, Bill Hader, Mindy Kaling"
392,Mission: Impossible,Christopher McQuarrie,"Jeremy Renner, Rebecca Ferguson, Tom Cruise, Simon Pegg"
393,The Hunger Games: Mockingjay,Francis Lawrence,"Woody Harrelson, Jennifer Lawrence, Josh Hutcherson, Liam Hemsworth"
394,The Martian (2015),Ridley Scott,"Kristen Wiig, Matt Damon, Jessica Chastain, Kate Mara"
395,Cinderella (2015),Kenneth Branagh,"Lily James, Helena Bonham Carter, Richard Madden, Cate Blanchett"
396,The Revenant (2015),Alejandro G. Iñárritu,"Tom Hardy, Will Poulter, Domhnall Gleeson, Leonardo DiCaprio"
397,Ant,Peyton Reed,"Michael Douglas, Paul Rudd, Evangeline Lilly, Corey Stoll"
398,Hotel Transylvania 2 (2015),Genndy Tartakovsky,"Kevin James, Adam Sandler, Andy Samberg, Selena Gomez"
399,San Andreas (2015),Brad Peyton,"Colton Haynes, Carla Gugino, Alexandra Daddario, Dwayne Johnson"
400,Terminator Genisys (2015),Alan Taylor,"Arnold Schwarzenegger, Emilia Clarke, Jason Clarke, Jai Courtney"
401,Kingsman: The Secret Service (2014),Matthew Vaughn,"Samuel L. Jackson, Colin Firth, Michael Caine, Taron Egerton"
402,Monster Hunt (2015),Raman Hui,"Elaine Jin, Boran Jing, Wu Jiang, Baihe Bai"
403,Taken 3 (2014),Olivier Megaton,"Maggie Grace, Famke Janssen, Liam Neeson, Forest Whitaker"
404,The SpongeBob Movie: Sponge Out of Water (2015),Paul Tibbitt,"Bill Fagerbakke, Clancy Brown, Tom Kenny, Antonio Banderas"
405,Maze Runner: The Scorch Trials (2015),Wes Ball,"Thomas Brodie-Sangster, ""Dylan OBrien"", Giancarlo Esposito, Kaya Scodelario"
406,The Divergent Series: Insurgent (2015),Robert Schwentke,"Theo James, Shailene Woodley, Kate Winslet, Ansel Elgort"
407,Xun long jue (2015),Wuershan,"Angelababy, Qi Shu, Keith Collea, Kun Chen"
408,Lost in Hong Kong (2015),Zheng Xu,"Zheng Xu, Wei Zhao, Bei-Er Bao, Juan Du"
409,The Peanuts Movie (2015),Steve Martino,"Francesca Capaldi, Bill Melendez, Noah Schnapp, Hadley Belle Miller"
410,Pixels (2015),Chris Columbus,"Kevin James, Adam Sandler, Michelle Monaghan, Peter Dinklage"
411,Alvin and the Chipmunks: The Road Chip (2015),Walt Becker,"Jesse McCartney, Matthew Gray Gubler, Jason Lee, Justin Long"
412,Goodbye Mr. Loser (2015),Da-Mo Peng,"Li-Chun Lee, Lun Ai, Ping Li, Yuan Chang"
413,Tomorrowland (2015),Brad Bird,"Hugh Laurie, Raffey Cassidy, Britt Robertson, George Clooney"
414,Everest (2015),Baltasar Kormákur,"Ang Phula Sherpa, Martin Henderson, Jason Clarke, Thomas M. Wright"
415,Jupiter Ascending (2015),Lana Wachowski,"Eddie Redmayne, Channing Tatum, Sean Bean, Mila Kunis"
416,Ip Man 3 (2015),Wilson Yip,"Jin Zhang, Lynn Xiong, Donnie Yen, Mike Tyson"
417,Gods of Egypt (2016),Alex Proyas,"Nikolaj Coster-Waldau, Brenton Thwaites, Gerard Butler, Chadwick Boseman"
418,The Last Witch Hunter (2015),Breck Eisner,"Rose Leslie, Ólafur Darri Ólafsson, Elijah Wood, Vin Diesel"
419,Mr. Six (2015),Hu Guan,"Qing Xu, Kris Wu, Xiaogang Feng, Hanyu Zhang"
420,Point Break (2015),Ericson Core,"Luke Bracey, Teresa Palmer, Edgar Ramírez, Ray Winstone"
421,Pan (2015),Joe Wright,"Rooney Mara, Garrett Hedlund, Levi Miller, Hugh Jackman"
422,Detective Chinatown (2015),Sicheng Chen,"Baoqiang Wang, Liya Tong, He Chen, Haoran Liu"
423,Wolf Totem (2015),Jean-Jacques Annaud,"Shawn Dou, Ankhnyam Ragchaa, Shaofeng Feng, Zhusheng Yin"
424,Dragon Blade (2015),Daniel Lee,"Adrien Brody, Jackie Chan, Si Won Choi, John Cusack"
425,Shaun the Sheep Movie (2015),Mark Burton,"John Sparkes, Richard Webber, Justin Fletcher, Omid Djalili"
426,Chappie (2015),Neill Blomkamp,"Dev Patel, Hugh Jackman, Sigourney Weaver, Sharlto Copley"
427,Devil and Angel (2015),Chao Deng,"Lele Dai, Li Sun, Chao Deng, Chao Liang"
428,The Little Prince (2015),Mark Osborne,"Jeff Bridges, Marion Cotillard, Rachel McAdams, Mackenzie Foy"
429,Assassination (2015),Dong-hoon Choi,"Ji-Hyun Jun, Dal-su Oh, Jung-jae Lee, Jung-woo Ha"
430,Kill Zone 2 (2015),Soi Cheang,"Jin Zhang, Tony Jaa, Simon Yam, Jing Wu"
431,Go Away Mr. Tumor (2015),Yan Han,"Yuan Li, Baihe Bai, Zi-Xuan Zhang, Daniel Wu"
432,The Transporter Refueled (2015),Camille Delamarre,"Loan Chabanol, Lenn Kudrjawizki, Ray Stevenson, Ed Skrein"
433,Running Man (2015),Junyi Ceng,"Angelababy, Chen Li, Baoqiang Wang, He Chen"
434,Zhongkui: Snow Girl and the Dark Crystal (2015),Peter Pau,"Bingbing Li, Zishan Yang, Winston Chao, Kun Chen"
435,"Dragon Ball Z: Resurrection ""F"" (2015)",Tadayoshi Yamamuro,"Hiromi Tsuru, Ryô Horikawa, Masako Nozawa, Masaharu Satô"
436,Forever Young (2015),Jiong He,"Yifeng Li, Huiwen Zhang, Yuxi Zhang, Jinfu Jiang"
437,Miss Granny (2015),Leste Chen,"Zishan Yang, Han Lu, Ah-Lei Gua, Bo-lin Chen"
438,Surprise (2015),Xiaoxing Yi,"Bai-Ke, Zishan Yang, Tianyu Ma, Bo-lin Chen"
439,Mortdecai (2015),David Koepp,"Gwyneth Paltrow, Olivia Munn, Johnny Depp, Ewan McGregor"
440,Let's Get Married (2015),Jiang Liu,"Ivy Yi-Han Chen, Zuo Da, Wu Jiang, Yuanyuan Gao"
441,Somewhere Only We Know (2015),Jinglei Xu,"Likun Wang, Jinglei Xu, Kris Wu, Gordon Alexander"
442,Boruto: Naruto The Movie (2015),Hiroyuki Yamashita,"Kokoro Kikuchi, Ryûichi Kijima, Junko Takeuchi, Yûko Sanpei"
443,Lost and Love (2015),Sanyuan Peng,"Sandra Kwan Yue Ng, Andy Lau, Tony Ka Fai Leung, Boran Jing"
444,Self/less (2015),Tarsem Singh,"Ryan Reynolds, Ben Kingsley, Matthew Goode, Natalie Martinez"
445,Saving Mr. Wu (2015),Sheng Ding,"Andy Lau, Qianyuan Wang, Ruofu Wu, Ye Liu"
446,The 33 (2015),Patricia Riggen,"Juliette Binoche, James Brolin, Rodrigo Santoro, Antonio Banderas"
447,American Ultra (2015),Nima Nourizadeh,"John Leguizamo, Jesse Eisenberg, Kristen Stewart, Connie Britton"
448,Wild City (2015),Ringo Lam,"Hsiao-chuan Chang, Liya Tong, Louis Koo, Shawn Yue"
449,Solace (2015),Afonso Poyart,"Colin Farrell, Abbie Cornish, Anthony Hopkins, Jeffrey Dean Morgan"
450,The Assassin (2015),Hsiao-Hsien Hou,"Satoshi Tsumabuki, Yun Zhou, Qi Shu, Chen Chang"
451,Only You (2015),Hao Zhang,"Silvia Bottini, Yan Su, Wei Tang, Fan Liao"
452,The Office (2015),Johnnie To,"Sylvia Chang, Eason Chan, Yun-Fat Chow, Wei Tang"
453,The Ark of Mr Chow (2015),Yang Xiao,"Yuexin Wang, Dongyu Zhou, Honglei Sun, Zijian Dong"
454,A Journey Through Time with Antony (2015),Janet Chun,"Chang Liu, Lisa Lu, Baihe Bai, Yixin Tang"
455,Sheng zhe wei wang (2015),Luo Luo,"Eddie Peng, Shih-Chieh King, Qi Shu, Hong Pan"
456,Absolutely Anything (2015),Terry Jones,"Rob Riggle, Kate Beckinsale, Sanjeev Bhaskar, Simon Pegg"
457,Mountains May Depart (2015),Zhangke Jia,"Yi Zhang, Tao Zhao, Jing Dong Liang, Zijian Dong"
458,A Fool (2014),Jianbin Chen,"Xuebing Wang, Jianbin Chen, Kim Scar, Qinqin Jiang"
459,Life (2017),Daniel Espinosa,"Hiroyuki Sanada, Ryan Reynolds, Jake Gyllenhaal, Rebecca Ferguson"
460,Moana (2016),Ron Clements,"Temuera Morrison, Rachel House, ""Aulii Cravalho"", Dwayne Johnson"
461,Captain America: Civil War (2016),Anthony Russo,"Scarlett Johansson, Robert Downey Jr., Chris Evans, Sebastian Stan"
462,Rogue One: A Star Wars Story (2016),Gareth Edwards,"Diego Luna, Alan Tudyk, Donnie Yen, Felicity Jones"
463,Finding Dory (2016),Andrew Stanton,"Kaitlin Olson, Albert Brooks, Ellen DeGeneres, ""Ed ONeill"""
464,Zootopia (2016),Byron Howard,"Jenny Slate, Ginnifer Goodwin, Idris Elba, Jason Bateman"
465,The Jungle Book (2016),Jon Favreau,"Neel Sethi, Ben Kingsley, Bill Murray, Idris Elba"
466,The Secret Life of Pets (2016),Chris Renaud,"Eric Stonestreet, Kevin Hart, Louis C.K., Lake Bell"
467,Batman v Superman: Dawn of Justice (2016),Zack Snyder,"Ben Affleck, Amy Adams, Jesse Eisenberg, Henry Cavill"
468,Fantastic Beasts and Where to Find Them (2016),David Yates,"Katherine Waterston, Eddie Redmayne, Dan Fogler, Alison Sudol"
469,Doctor Strange (2016),Scott Derrickson,"Rachel McAdams, Benedict Wong, Benedict Cumberbatch, Chiwetel Ejiofor"
470,Sing (2016),Garth Jennings,"Scarlett Johansson, Matthew McConaughey, Seth MacFarlane, Reese Witherspoon"
471,The Mermaid (2016),Stephen Chow,"Yun Lin, Chao Deng, Yuqi Zhang, Show Lo"
472,X,Bryan Singer,"Jennifer Lawrence, Nicholas Hoult, James McAvoy, Michael Fassbender"
473,Kung Fu Panda 3 (2016),Alessandro Carloni,"Bryan Cranston, Jack Black, Angelina Jolie, Dustin Hoffman"
474,La La Land (2016),Damien Chazelle,"Ryan Gosling, J.K. Simmons, Emma Stone, Rosemarie DeWitt"
475,Warcraft (2016),Duncan Jones,"Dominic Cooper, Paula Patton, Travis Fimmel, Ben Foster"
476,Jason Bourne (2016),Paul Greengrass,"Alicia Vikander, Matt Damon, Tommy Lee Jones, Vincent Cassel"
477,Ice Age: Collision Course (2016),Mike Thurmeier,"Denis Leary, Ray Romano, John Leguizamo, Chris Wedge"
478,Independence Day: Resurgence (2016),Roland Emmerich,"Maika Monroe, Bill Pullman, Jeff Goldblum, Liam Hemsworth"
479,Your Name. (2016),Makoto Shinkai,"Mone Kamishiraishi, Ryô Narita, Ryûnosuke Kamiki, Aoi Yûki"
480,The Legend of Tarzan (2016),David Yates,"Rory J. Saper, Christian Stevens, Alexander Skarsgård, Christoph Waltz"
481,The Angry Birds Movie (2016),Clay Kaytis,"Josh Gad, Jason Sudeikis, Danny McBride, Maya Rudolph"
482,Trolls (2016),Mike Mitchell,"Zooey Deschanel, Christopher Mintz-Plasse, Anna Kendrick, Justin Timberlake"
483,Star Trek Beyond (2016),Justin Lin,"Chris Pine, Karl Urban, Zoe Saldana, Zachary Quinto"
484,The Great Wall (2016),Yimou Zhang,"Willem Dafoe, Tian Jing, Matt Damon, Andy Lau"
485,Now You See Me 2 (2016),Jon M. Chu,"Dave Franco, Jesse Eisenberg, Mark Ruffalo, Woody Harrelson"
486,Resident Evil: The Final Chapter (2016),Paul W.S. Anderson,"Ali Larter, Shawn Roberts, Milla Jovovich, Iain Glen"
487,Dangal (2016),Nitesh Tiwari,"Sanya Malhotra, Sakshi Tanwar, Aamir Khan, Fatima Sana Shaikh"
488,Alice Through the Looking Glass (2016),James Bobin,"Anne Hathaway, Helena Bonham Carter, Mia Wasikowska, Johnny Depp"
489,Miss Peregrine's Home for Peculiar Children (2016),Tim Burton,"Samuel L. Jackson, Judi Dench, Asa Butterfield, Eva Green"
490,Teenage Mutant Ninja Turtles: Out of the Shadows (2016),Dave Green,"Will Arnett, Laura Linney, Tyler Perry, Megan Fox"
491,Sully (2016),Clint Eastwood,"Tom Hanks, Laura Linney, Aaron Eckhart, Valerie Mahaffey"
492,Assassin's Creed (2016),Justin Kurzel,"Brendan Gleeson, Jeremy Irons, Marion Cotillard, Michael Fassbender"
493,Inferno (2016),Ron Howard,"Tom Hanks, Irrfan Khan, Felicity Jones, Ben Foster"
494,Bridget Jones's Baby (2016),Sharon Maguire,"Renée Zellweger, Jim Broadbent, Sally Phillips, Gemma Jones"
495,London Has Fallen (2016),Babak Najafi,"Angela Bassett, Aaron Eckhart, Gerard Butler, Morgan Freeman"
496,Arrival (2016),Denis Villeneuve,"Amy Adams, Michael Stuhlbarg, Jeremy Renner, Forest Whitaker"
497,The BFG (2016),Steven Spielberg,"Mark Rylance, Ruby Barnhill, Jemaine Clement, Penelope Wilton"
498,The Monkey King 2 (2016),Soi Cheang,"Shenyang Xiao, Aaron Kwok, Shaofeng Feng, Li Gong"
499,Storks (2016),Nicholas Stoller,"Kelsey Grammer, Andy Samberg, Jennifer Aniston, Katie Crown"
500,Hacksaw Ridge (2016),Mel Gibson,"Luke Bracey, Teresa Palmer, Sam Worthington, Andrew Garfield"
501,Allegiant (2016),Robert Schwentke,"Theo James, Shailene Woodley, Naomi Watts, Jeff Daniels"
502,Operation Mekong (2016),Dante Lam,"Eddie Peng, Hanyu Zhang, Baoguo Chen, Chun Sun"
503,The Huntsman: Winter's War (2016),Cedric Nicolas-Troyan,"Chris Hemsworth, Emily Blunt, Charlize Theron, Jessica Chastain"
504,Jack Reacher: Never Go Back (2016),Edward Zwick,"Robert Knepper, Aldis Hodge, Tom Cruise, Cobie Smulders"
505,Lion (2016),Garth Davis,"Rooney Mara, Dev Patel, Nicole Kidman, Sunny Pawar"
506,Mechanic: Resurrection (2016),Dennis Gansel,"Jessica Alba, Tommy Lee Jones, Jason Statham, Michelle Yeoh"
507,Deepwater Horizon (2016),Peter Berg,"Kurt Russell, Mark Wahlberg, Douglas M. Griffin, James DuMont"
508,Allied (2016),Robert Zemeckis,"Jared Harris, Vincent Ebrahim, Marion Cotillard, Brad Pitt"
509,I Belonged to You (2016),Yibai Zhang,"""Tianai Zhang"", Chao Deng, Baihe Bai, Yang Yang"
510,The Shallows (2016),Jaume Collet-Serra,"Blake Lively, Joseph Salas, Angelo Josue Lozano Corzo, Óscar Jaenada"
511,Finding Mr Right 2 (2016),Xiaolu Xue,"Xiubo Wu, Paul Chun, Zhihong Liu, Wei Tang"
512,Cold War II (2016),Lok Man Leung,"Tony Ka Fai Leung, Aaron Kwok, Yun-Fat Chow, Charlie Yeung"
513,Railroad Tigers (2016),Sheng Ding,"Kai Wang, Jackie Chan, Zitao Huang, Jaycee Chan"
514,Some Like It Hot (2016),Xiaofei Song,"Shenyang Xiao, Xiao Yang, Ni Yan, Shan Qiao"
515,Ben,Timur Bekmambetov,"Nazanin Boniadi, Rodrigo Santoro, Jack Huston, Toby Kebbell"
516,Nerve (2016),Henry Joost,"Emily Meade, Emma Roberts, Miles Heizer, Dave Franco"
517,Leap! (2016),Eric Summer,"Carly Rae Jepsen, Elle Fanning, Maddie Ziegler, Dane DeHaan"
518,Manchester by the Sea (2016),Kenneth Lonergan,"Kyle Chandler, Michelle Williams, Casey Affleck, Lucas Hedges"
519,Kubo and the Two Strings (2016),Travis Knight,"Charlize Theron, Matthew McConaughey, Ralph Fiennes, Art Parkinson"
520,I Am Not Madame Bovary (2016),Xiaogang Feng,"Xiaogang Feng, Wei Fan, Chengpeng Dong, Bingbing Fan"
521,One Piece Film: Gold (2016),Hiroaki Miyamoto,"Kappei Yamaguchi, Kazuya Nakai, Mayumi Tanaka, Akemi Okamura"
522,Huo guo ying xiong (2016),Qing Yang,"Entai Yu, Hao Qin, Baihe Bai, Kun Chen"
523,Patriots Day (2016),Peter Berg,"Michelle Monaghan, J.K. Simmons, Mark Wahlberg, John Goodman"
524,So Young 2: Never Gone (2016),Zhou Tuo Ru,"Kris Wu, Qin Li, Kim Scar, Yifei Liu"
525,A Monster Calls (2016),J.A. Bayona,"Lewis MacDougall, Sigourney Weaver, Felicity Jones, Toby Kebbell"
526,Eddie the Eagle (2015),Dexter Fletcher,"Jo Hartley, Tom Costello, Taron Egerton, Hugh Jackman"
527,League of Gods (2016),Koan Hui,"Xiaoming Huang, Zhang Wen, Bingbing Fan, Jet Li"
528,The Wild Life (2016),Vincent Kesteloot,"Ilka Bessin, Kaya Yanar, Matthias Schweighöfer, Dieter Hallervorden"
529,"Crouching Tiger, Hidden Dragon: Sword of Destiny (2016)",Woo-Ping Yuen,"Donnie Yen, Harry Shum Jr., Michelle Yeoh, Natasha Liu Bordizzo"
530,Eye in the Sky (2015),Gavin Hood,"Barkhad Abdi, Alan Rickman, Aaron Paul, Helen Mirren"
531,Billy Lynn's Long Halftime Walk (2016),Ang Lee,"Arturo Castro, Garrett Hedlund, Mason Lee, Joe Alwyn"
532,A Silent Voice: The Movie (2016),Naoko Yamada,"Miyu Irino, Aoi Yûki, Kenshô Ono, Saori Hayami"
533,Keeping Up with the Joneses (2016),Greg Mottola,"Isla Fisher, Gal Gadot, Zach Galifianakis, Jon Hamm"
534,Fan (2016),Maneesh Sharma,"Shriya Pilgaonkar, Carolina Main, Sayani Gupta, Shah Rukh Khan"
535,Mr. Donkey (2016),Lu Liu,"Li Da, Suxi Ren, Shuailiang Liu, Kuishan Pei"
536,Born in China (2016),Chuan Lu,"Claire Keim, Xun Zhou, John Krasinski"
537,The Snow Queen 3: Fire and Ice (2016),Aleksey Tsitsilin,"Nikolay Bystrov, Natalya Bystrova, Filipp Lebedev, Diomid Vinogradov"
538,Jackie (2016),Pablo Larraín,"Greta Gerwig, Peter Sarsgaard, Billy Crudup, Natalie Portman"
539,Triple 9 (2016),John Hillcoat,"Anthony Mackie, Casey Affleck, Chiwetel Ejiofor, Aaron Paul"
540,Rock Dog (2016),Ash Brannon,"Lewis Black, J.K. Simmons, Eddie Izzard, Luke Wilson"
541,Cock and Bull (2016),Baoping Cao,"Ziwen Wang, Bowen Duan, Yi Zhang, Ye Liu"
542,The Wasted Times (2016),Er Cheng,"Chun Du, Tadanobu Asano, Ziyi Zhang, You Ge"
543,Sword Master (2016),Tung-Shing Yee,"Kenny Lin, Yiyan Jiang, Mengjie Jiang, Peter Ho"
544,Phantom of the Theatre (2016),Wai-Man Yip,"Simon Yam, Gangshan Jing, Ruby Lin, Tony Yo-ning Yang"
545,Ratchet & Clank (2016),Kevin Munroe,"Sylvester Stallone, David Kaye, Jim Ward, James Arnold Taylor"
546,I Married an Anti,Jae-Young Kim,"Seohyun, Chao Jiang, Shanshan Yuan, Chan-Yeol Park"
547,The New Year's Eve of Old Lee (2016),Qunshu Gao,"Zongxiang Guan, Chengpeng Dong, Taishen Cheng, Ming Hu"
548,For a Few Bullets (2016),Anzi Pan,"Kenny Lin, Vivian Dawson, Xiaoqing Liu, Jingchu Zhang"
549,Pele: Birth of a Legend (2016),Jeff Zimbalist,"Seu Jorge, ""Vincent DOnofrio"", Diego Boneta, Rodrigo Santoro"
550,Genius (2016),Michael Grandage,"Laura Linney, Jude Law, Colin Firth, Nicole Kidman"
551,Collide (2016),Eran Creevy,"Nicholas Hoult, Anthony Hopkins, Ben Kingsley, Felicity Jones"
552,Max Steel (2016),Stewart Hendler,"Andy Garcia, Maria Bello, Ben Winchell, Josh Brener"
553,Kingsglaive: Final Fantasy XV (2016),Takeshi Nozue,"Neil Newbon, Lena Headey, Sean Bean, Aaron Paul"
554,My Best Friend's Wedding (2016),Feihong Chen,"Victoria Song, Rhydian Vaughan, Qi Shu, Shaofeng Feng"
555,Sky on fire (2016),Ringo Lam,"Hsiao-chuan Chang, Ruoyun Zhang, Jingchu Zhang, Daniel Wu"
556,"New York, New York (2016)",Dong Luo,"Ethan Juan, Juan Du, Cecilia Yip, Kiu Wai Miu"
557,Papa (2016),Xiao Zheng,"Yu Xia, Zi Yang, David Wu, Zuer Song"
558,Kaili Blues (2015),Bi Gan,"Feiyang Luo, Yongzhong Chen, Linyan Liu, Yue Guo"
559,Tharlo (2015),Pema Tseden,"Yangshik Tso, Jinpa, Shide Nyima, Tsemdo Thar"
560,Star Wars: Episode VIII,Rian Johnson,"Carrie Fisher, Daisy Ridley, Mark Hamill, John Boyega"
561,The Fate of the Furious (2017),F. Gary Gray,"Michelle Rodriguez, Dwayne Johnson, Jason Statham, Vin Diesel"
562,Despicable Me 3 (2017),Kyle Balda,"Miranda Cosgrove, Steve Carell, Kristen Wiig, Trey Parker"
563,Jumanji: Welcome to the Jungle (2017),Jake Kasdan,"Jack Black, Karen Gillan, Kevin Hart, Dwayne Johnson"
564,Spider,Jon Watts,"Marisa Tomei, Robert Downey Jr., Tom Holland, Michael Keaton"
565,Wolf Warrior 2 (2017),Jing Wu,"Frank Grillo, Jing Wu, Gang Wu, Celina Jade"
566,Guardians of the Galaxy Vol. 2 (2017),James Gunn,"Dave Bautista, Zoe Saldana, Chris Pratt, Vin Diesel"
567,Thor: Ragnarok (2017),Taika Waititi,"Chris Hemsworth, Tom Hiddleston, Mark Ruffalo, Cate Blanchett"
568,Wonder Woman (2017),Patty Jenkins,"Chris Pine, Robin Wright, Gal Gadot, Lucy Davis"
569,Coco (2017),Lee Unkrich,"Benjamin Bratt, Alanna Ubach, Gael García Bernal, Anthony Gonzalez"
570,Pirates of the Caribbean: Dead Men Tell No Tales (2017),Joachim Rønning,"Javier Bardem, Orlando Bloom, Johnny Depp, Geoffrey Rush"
571,Justice League (2017),Zack Snyder,"Ben Affleck, Gal Gadot, Jason Momoa, Ezra Miller"
572,Transformers: The Last Knight (2017),Michael Bay,"Josh Duhamel, Mark Wahlberg, Laura Haddock, Anthony Hopkins"
573,Kong: Skull Island (2017),Jordan Vogt-Roberts,"Tom Hiddleston, Samuel L. Jackson, Brie Larson, John C. Reilly"
574,Dunkirk (2017),Christopher Nolan,"Mark Rylance, Tom Hardy, Fionn Whitehead, Barry Keoghan"
575,War for the Planet of the Apes (2017),Matt Reeves,"Andy Serkis, Karin Konoval, Steve Zahn, Woody Harrelson"
576,The Greatest Showman (2017),Michael Gracey,"Zendaya, Michelle Williams, Zac Efron, Hugh Jackman"
577,Kingsman: The Golden Circle (2017),Matthew Vaughn,"Channing Tatum, Colin Firth, Mark Strong, Taron Egerton"
578,The Mummy (2017),Alex Kurtzman,"Annabelle Wallis, Russell Crowe, Tom Cruise, Sofia Boutella"
579,Cars 3 (2017),Brian Fee,"Nathan Fillion, Owen Wilson, Cristela Alonzo, Chris Cooper"
580,Murder on the Orient Express (2017),Kenneth Branagh,"Penélope Cruz, Kenneth Branagh, Willem Dafoe, Judi Dench"
581,xXx: Return of Xander Cage (2017),D.J. Caruso,"Donnie Yen, Deepika Padukone, Kris Wu, Vin Diesel"
582,The Lego Batman Movie (2017),Chris McKay,"Will Arnett, Ralph Fiennes, Rosario Dawson, Michael Cera"
583,The Ex,Yu-sheng Tian,"Geng Han, Mengxue Zeng, Wenwen Yu, Ryan Zheng"
584,Wonder (2017),Stephen Chbosky,"Owen Wilson, Julia Roberts, Izabela Vidovic, Jacob Tremblay"
585,Ferdinand (2017),Carlos Saldanha,"Bobby Cannavale, Jack Gore, Kate McKinnon, John Cena"
586,Blade Runner 2049 (2017),Denis Villeneuve,"Ryan Gosling, Dave Bautista, Harrison Ford, Ana de Armas"
587,Kung Fu Yoga (2017),Stanley Tong,"Miya Muqi, Jackie Chan, Yixing Zhang, Disha Patani"
588,Baahubali 2: The Conclusion (2017),S.S. Rajamouli,"Tamannaah Bhatia, Prabhas, Rana Daggubati, Anushka Shetty"
589,Journey to the West: The Demons Strike Back (2017),Hark Tsui,"Kenny Lin, Chen Yao, Kris Wu, Yun Lin"
590,Alien: Covenant (2017),Ridley Scott,"Katherine Waterston, Billy Crudup, Michael Fassbender, Danny McBride"
591,Paddington 2 (2017),Paul King,"Hugh Bonneville, Sally Hawkins, Hugh Grant, Ben Whishaw"
592,Baby Driver (2017),Edgar Wright,"Eiza González, Ansel Elgort, Jon Bernthal, Jon Hamm"
593,Valerian and the City of a Thousand Planets (2017),Luc Besson,"Cara Delevingne, Clive Owen, Dane DeHaan, Rihanna"
594,Geostorm (2017),Dean Devlin,"Alexandra Maria Lara, Abbie Cornish, Jim Sturgess, Gerard Butler"
595,A Dog's Purpose (2017),Lasse Hallström,"Peggy Lipton, Josh Gad, Bryce Gheisar, Dennis Quaid"
596,Smurfs: The Lost Village (2017),Kelly Asbury,"Demi Lovato, Rainn Wilson, Joe Manganiello, Jack McBrayer"
597,The Shape of Water (2017),Guillermo del Toro,"Sally Hawkins, Doug Jones, Michael Shannon, Octavia Spencer"
598,The Hitman's Bodyguard (2017),Patrick Hughes,"Samuel L. Jackson, Ryan Reynolds, Elodie Yung, Gary Oldman"
599,Ghost in the Shell (2017),Rupert Sanders,"Juliette Binoche, Scarlett Johansson, Takeshi Kitano, Pilou Asbæk"
600,"Three Billboards Outside Ebbing, Missouri (2017)",Martin McDonagh,"Caleb Landry Jones, Frances McDormand, Sam Rockwell, Woody Harrelson"
601,Duckweed (2017),Han Han,"Eddie Peng, Chao Deng, Zijian Dong, Zanilia Zhao"
602,Darkest Hour (2017),Joe Wright,"Ben Mendelsohn, Lily James, Gary Oldman, Kristin Scott Thomas"
603,King Arthur: Legend of the Sword (2017),Guy Ritchie,"Astrid Bergès-Frisbey, Jude Law, Charlie Hunnam, Djimon Hounsou"
604,The Foreigner (2017),Martin Campbell,"Katie Leung, Jackie Chan, Mark Tandy, Rufus Jones"
605,Power Rangers (2017),Dean Israelite,"Ludi Lin, Dacre Montgomery, RJ Cyler, Naomi Scott"
606,Happy Death Day (2017),Christopher Landon,"Charles Aitken, Israel Broussard, Ruby Modine, Jessica Rothe"
607,Secret Superstar (2017),Advait Chandan,"Zaira Wasim, Aamir Khan, Meher Vij, Raj Arjun"
608,The Commuter (2018),Jaume Collet-Serra,"Vera Farmiga, Jonathan Banks, Patrick Wilson, Liam Neeson"
609,Buddies in India (2017),Baoqiang Wang,"Yan Liu, Baoqiang Wang, Vikramjeet Virk, Bai-Ke"
610,Chasing the Dragon (2017),Jason Kwan,"Philip Keung, Andy Lau, Donnie Yen, Wilfred Lau"
611,Once Upon A Time (2017),Anthony LaMolinara,"Jin Luo, Yang Yang, Chun Li, Yifei Liu"
612,47 Meters Down (2017),Johannes Roberts,"Mandy Moore, Matthew Modine, Chris Johnson, Claire Holt"
613,My Little Pony: The Movie (2017),Jayson Thiessen,"Emily Blunt, Kristin Chenoweth, Liev Schreiber, Michael Peña"
614,The Devotion of Suspect X (2017),Alec Su,"Kai Wang, Luyi Zhang, Ruby Lin, Zuxin Ye"
615,Shock Wave (2017),Herman Yau,"Philip Keung, Jia Song, Andy Lau, Wu Jiang"
616,Goldbuster (2017),Sandra Kwan Yue Ng,"Alex Fong, Sandra Kwan Yue Ng, Yi Zhang, Francis Ng"
617,All the Money in the World (2017),Ridley Scott,"Romain Duris, Christopher Plummer, Michelle Williams, Mark Wahlberg"
618,Son of Bigfoot (2017),Jeremy Degruson,"Cinda Adams, John Allsopp, Mari Devon, Kirk Thornton"
619,The Thousand Faces of Dunjia (2017),Woo-Ping Yuen,"Aarif Rahman, Dongyu Zhou, Chengpeng Dong, Ni Ni"
620,Battle of Memories (2017),Leste Chen,"Zishan Yang, Yihong Duan, Bo Huang, Jinglei Xu"
621,Loving Vincent (2017),Dorota Kobiela,"Jerome Flynn, Robert Gulaczyk, Douglas Booth, Helen McCrory"
622,Mary and the Witch's Flower (2017),Hiromasa Yonebayashi,"Ryûnosuke Kamiki, Hana Sugisaki, Fumiyo Kohinata, Yûki Amami"
623,Brotherhood of Blades 2 (2017),Yang Lu,"Mi Yang, Shih-Chieh King, Yi Zhang, Chen Chang"
624,The Adventurers (2017),Stephen Fung,"Andy Lau, Qi Shu, Jingchu Zhang, Tony Yo-ning Yang"
625,Namiya (2017),Jie Han,"Jackie Chan, Dilraba Dilmurat, Zijian Dong, Duling Chen"
626,I Want to Eat Your Pancreas (2018),Shin'ichirô Ushijima,"Yukiyo Fujii, Mahiro Takasugi, Lynn, Yuma Uchida"
627,This Is Not What I Expected (2017),Derek Hui,"Takeshi Kaneshiro, Ming Xi, Yi-zhou Sun, Dongyu Zhou"
628,Reset (2017),Hong-Seung Yoon,"Wallace Huo, Mi Yang, Shih-Chieh King, Chang Liu"
629,Sword Art Online The Movie: Ordinal Scale (2017),Tomohiko Itô,"Ayana Taketatsu, Haruka Tomatsu, Kanae Itô, Yoshitsugu Matsuoka"
630,Fireworks (2017),Akiyuki Shinbo,"Shintarô Asanuma, Mamoru Miyano, Suzu Hirose, Masaki Suda"
631,Extraordinary Mission (2017),Alan Mak,"Yueting Lang, Yanhui Wang, Yihong Duan, Xuan Huang"
632,The Lost City of Z (2016),James Gray,"Sienna Miller, Charlie Hunnam, Tom Holland, Robert Pattinson"
633,Toilet: A Love Story (2017),Shree Narayan Singh,"Sudhir Pandey, Bhumi Pednekar, Divyendu Sharma, Akshay Kumar"
634,Fate/Stay Night: Heaven's Feel,Tomonori Sudô,"Bryce Papenbrook, Cristina Valenzuela, Noriko Shitaya, Noriaki Sugiyama"
635,Legend of the Naga Pearls (2017),Lei Yang,"""Tianai Zhang"", Talu Wang, Simon Yam, Guansen Sheng"
636,The Space Between Us (2017),Peter Chelsom,"Britt Robertson, Carla Gugino, Asa Butterfield, Gary Oldman"
637,Megan Leavey (2017),Gabriela Cowperthwaite,"Tom Felton, Ramon Rodriguez, Kate Mara, Bradley Whitford"
638,The Third Murder (2017),Hirokazu Koreeda,"Shinnosuke Mitsushima, Mikako Ichikawa, Masaharu Fukuyama, Kôji Yakusho"
639,Earth: One Amazing Day (2017),Richard Dale,"Jackie Chan, Robert Redford"
640,Suburbicon (2017),George Clooney,"Julianne Moore, Oscar Isaac, Matt Damon, Noah Jupe"
641,The Leisure Seeker (2017),Paolo Virzì,"Christian McKay, Janel Moloney, Donald Sutherland, Helen Mirren"
642,God of War (2017),Gordon Chan,"Regina Wan, Keisuke Koide, Wenzhuo Zhao, Sammo Kam-Bo Hung"
643,Our Time Will Come (2017),Ann Hui,"Eddie Peng, Deannie Ip, Xun Zhou, Wallace Huo"
644,The Big Bad Fox and Other Tales (2017),Patrick Imbert,"Kamel Abdessadok, Guillaume Darnault, Antoine Schoumsky, Damien Witecka"
645,City Of Rock (2017),Chengpeng Dong,"Coulee Nazha, Chengpeng Dong, Hong-Chi Lee, Shan Qiao"
646,Explosion (2017),Zheng Chang,"Yihong Duan, Nan Yu, Taishen Cheng, Jingchun Wang"
647,Kedi (2016),Ceyda Torun,"Sari, Kemal Suncu, Yaman Barlas, Arzu Göl"
648,The Young Karl Marx (2017),Raoul Peck,"Vicky Krieps, Stefan Konarske, Olivier Gourmet, August Diehl"
649,Mazinger Z: INFINITY (2017),Junji Shimizu,"Sumire Uesaka, Toshihiko Seki, Ai Kayano, Shôtarô Morikubo"
650,Unlocked (2017),Michael Apted,"John Malkovich, Orlando Bloom, Noomi Rapace, Toni Collette"
651,In Harm's Way (2017),Bille August,"Emile Hirsch, Cary Woodworth, Shaoqun Yu, Yifei Liu"
652,2:22 (2017),Paul Currie,"Michiel Huisman, Teresa Palmer, Sam Reid, John Waters"
653,Beautiful Accident (2017),Wi Ding Ho,"William Wang, Na-Na OuYang, Jingchun Wang, Lun-Mei Kwei"
654,Coincidence (2017),Abhay Chopra,"Sidharth Malhotra, Akshaye Khanna, Sonakshi Sinha, Mandira Bedi"
655,Soul on a String (2016),Yang Zhang,"Jinpa, Quniciren, Siano Dudiom Zahi"
656,Avengers: Infinity War (2018),Anthony Russo,"Chris Hemsworth, Chris Evans, Robert Downey Jr., Mark Ruffalo"
657,Black Panther (2018),Ryan Coogler,"Chadwick Boseman, ""Lupita Nyongo"", Danai Gurira, Michael B. Jordan"
658,Jurassic World: Fallen Kingdom (2018),J.A. Bayona,"Rafe Spall, Bryce Dallas Howard, Chris Pratt, Justice Smith"
659,Incredibles 2 (2018),Brad Bird,"Craig T. Nelson, Sarah Vowell, Holly Hunter, Huck Milner"
660,Aquaman (2018),James Wan,"Patrick Wilson, Willem Dafoe, Jason Momoa, Amber Heard"
661,Bohemian Rhapsody (2018),Bryan Singer,"Ben Hardy, Gwilym Lee, Rami Malek, Lucy Boynton"
662,Mission: Impossible,Christopher McQuarrie,"Ving Rhames, Tom Cruise, Simon Pegg, Henry Cavill"
663,Fantastic Beasts: The Crimes of Grindelwald (2018),David Yates,"Katherine Waterston, Eddie Redmayne, Dan Fogler, Johnny Depp"
664,Ant,Peyton Reed,"Paul Rudd, Evangeline Lilly, Walton Goggins, Michael Peña"
665,Ready Player One (2018),Steven Spielberg,"Ben Mendelsohn, Olivia Cooke, Lena Waithe, Tye Sheridan"
666,Operation Red Sea (2018),Dante Lam,"Johnny Huang, Yi Zhang, Hai-Qing, Jiang Du"
667,Detective Chinatown 2 (2018),Sicheng Chen,"Yang Xiao, Baoqiang Wang, Natasha Liu Bordizzo, Haoran Liu"
668,The Meg (2018),Jon Turteltaub,"Bingbing Li, Rainn Wilson, Jason Statham, Cliff Curtis"
669,Ralph Breaks the Internet (2018),Phil Johnston,"Taraji P. Henson, Sarah Silverman, Gal Gadot, John C. Reilly"
670,Hotel Transylvania 3: Summer Vacation (2018),Genndy Tartakovsky,"Kevin James, Adam Sandler, Andy Samberg, Selena Gomez"
671,The Grinch (2018),Yarrow Cheney,"Cameron Seely, Benedict Cumberbatch, Rashida Jones, Pharrell Williams"
672,Bumblebee (2018),Travis Knight,"Jason Drucker, Jorge Lendeborg Jr., Hailee Steinfeld, John Cena"
673,Rampage (2018),Brad Peyton,"Malin Akerman, Naomie Harris, Jeffrey Dean Morgan, Dwayne Johnson"
674,Mamma Mia! Here We Go Again (2018),Ol Parker,"Lily James, Cher, Meryl Streep, Amanda Seyfried"
675,Solo: A Star Wars Story (2018),Ron Howard,"Alden Ehrenreich, Emilia Clarke, Donald Glover, Woody Harrelson"
676,Spider,Bob Persichetti,"Mahershala Ali, Jake Johnson, Shameik Moore, Hailee Steinfeld"
677,Monster Hunt 2 (2018),Raman Hui,"Boran Jing, Baihe Bai, Tony Chiu-Wai Leung, Yuchun Li"
678,Peter Rabbit (2018),Will Gluck,"James Corden, Fayssal Bazzi, Domhnall Gleeson, Sia"
679,A Quiet Place (2018),John Krasinski,"Emily Blunt, Millicent Simmonds, John Krasinski, Noah Jupe"
680,Green Book (2018),Peter Farrelly,"Mahershala Ali, Linda Cardellini, Sebastian Maniscalco, Viggo Mortensen"
681,Skyscraper (2018),Rawson Marshall Thurber,"Roland Møller, Chin Han, Neve Campbell, Dwayne Johnson"
682,Pacific Rim: Uprising (2018),Steven S. DeKnight,"Cailee Spaeny, Scott Eastwood, John Boyega, Burn Gorman"
683,Maze Runner: The Death Cure (2018),Wes Ball,"Thomas Brodie-Sangster, ""Dylan OBrien"", Ki Hong Lee, Kaya Scodelario"
684,Tomb Raider (2018),Roar Uthaug,"Walton Goggins, Dominic West, Alicia Vikander, Daniel Wu"
685,Crazy Rich Asians (2018),Jon M. Chu,"Gemma Chan, Michelle Yeoh, Constance Wu, Henry Golding"
686,Creed II (2018),Steven Caple Jr.,"Sylvester Stallone, Tessa Thompson, Phylicia Rashad, Michael B. Jordan"
687,Smallfoot (2018),Karey Kirkpatrick,"Zendaya, James Corden, Channing Tatum, Common"
688,The Mule (2018),Clint Eastwood,"Clint Eastwood, Gustavo Muñoz, Cesar De León, Patrick L. Reyes"
689,The Nutcracker and the Four Realms (2018),Lasse Hallström,"Keira Knightley, Helen Mirren, Morgan Freeman, Mackenzie Foy"
690,The Predator (2018),Shane Black,"Trevante Rhodes, Jacob Tremblay, Keegan-Michael Key, Boyd Holbrook"
691,Johnny English Strikes Again (2018),David Kerr,"Rowan Atkinson, Olga Kurylenko, Ben Miller, Emma Thompson"
692,More Than Blue (2018),Gavin Lin,"Ivy Yi-Han Chen, Annie Chen, Bryan Shu-Hao Chang, Jasper Liu"
693,How Long Will I Love U (2018),Lun Su,"Jiayin Lei, Liya Tong, Guangjie Li, Ming Fan"
694,The House with a Clock in Its Walls (2018),Eli Roth,"Owen Vaccaro, Kyle MacLachlan, Jack Black, Cate Blanchett"
695,A Cool Fish (2018),Xiaozhi Rao,"Binlong Pan, Suxi Ren, Jianbin Chen, Yu Zhang"
696,Dragon Ball Super: Broly (2018),Tatsuya Nagamine,"Aya Hisakawa, Masako Nozawa, Ryô Horikawa, Toshio Furukawa"
697,The Monkey King 3 (2018),Soi Cheang,"Zanilia Zhao, Aaron Kwok, Shaofeng Feng, Shenyang Xiao"
698,Alpha (2018),Albert Hughes,"Jóhannes Haukur Jóhannesson, Kodi Smit-McPhee, Marcin Kowalczyk, Jens Hultén"
699,I Feel Pretty (2018),Abby Kohn,"Amy Schumer, Emily Ratajkowski, Michelle Williams, Tom Hopper"
700,Shadow (2018),Yimou Zhang,"Li Sun, Qianyuan Wang, Chao Deng, Ryan Zheng"
701,Sherlock Gnomes (2018),John Stevenson,"Kelly Asbury, Emily Blunt, James McAvoy, Johnny Depp"
702,Detective Dee: The Four Heavenly Kings (2018),Hark Tsui,"Carina Lau, Mark Chao, Shaofeng Feng, Kenny Lin"
703,Mortal Engines (2018),Christian Rivers,"Robert Sheehan, Jihae, Hugo Weaving, Hera Hilmar"
704,Searching (2018),Aneesh Chaganty,"Joseph Lee, John Cho, Michelle La, Debra Messing"
705,The Spy Who Dumped Me (2018),Susanna Fogel,"Vilma Szécsi, Mila Kunis, Justin Theroux, Blanka Györfi-Tóth"
706,Spirited Away (2001),Hayao Miyazaki,"Daveigh Chase, Rumi Hiiragi, Suzanne Pleshette, Miyu Irino"
707,Shoplifters (2018),Hirokazu Koreeda,"Mayu Matsuoka, Sakura Andô, Lily Franky, Kirin Kiki"
708,Capernaum (2018),Nadine Labaki,"Zain Al Rafeea, Kawsar Al Haddad, Boluwatife Treasure Bankole, Yordanos Shiferaw"
709,Isle of Dogs (2018),Wes Anderson,"Edward Norton, Bryan Cranston, Koyu Rankin, Bob Balaban"
710,Adrift (2018),Baltasar Kormákur,"Elizabeth Hawthorne, Shailene Woodley, Jeffrey Thomas, Sam Claflin"
711,Early Man (2018),Nick Park,"Tom Hiddleston, Eddie Redmayne, Maisie Williams, Timothy Spall"
712,Deadpool 2 (2018),David Leitch,"Julian Dennison, Morena Baccarin, Ryan Reynolds, Josh Brolin"
713,Death Wish (2018),Eli Roth,"""Vincent DOnofrio"", Bruce Willis, Elisabeth Shue, Camila Morrone"
714,Andhadhun (2018),Sriram Raghavan,"Anil Dhawan, Tabu, Ayushmann Khurrana, Radhika Apte"
715,Golden Job (2018),Kar Lok Chin,"Ekin Cheng, Jordan Chan, Michael Tse, Kar Lok Chin"
716,Uncle Drew (2018),Charles Stone III,"Chris Webber, ""Shaquille ONeal"", Kyrie Irving, Lil Rel Howery"
717,Annihilation (2018),Alex Garland,"Tessa Thompson, Benedict Wong, Jennifer Jason Leigh, Natalie Portman"
718,Long Day's Journey Into Night (2018),Bi Gan,"Hong-Chi Lee, Sylvia Chang, Jue Huang, Wei Tang"
719,Show Dogs (2018),Raja Gosnell,"Will Arnett, Stanley Tucci, Natasha Lyonne, Ludacris"
720,Till The End Of The World (2018),Youyin Wu,"Anastasia Berestova, Mark Chao, Jao Felipe, Zishan Yang"
721,Mia and the White Lion (2018),Gilles de Maistre,"Daniah De Villiers, Langley Kirkwood, Ryan Mac Lennan, Mélanie Laurent"
722,The Hurricane Heist (2018),Rob Cohen,"Maggie Grace, Ralph Ineson, Ryan Kwanten, Toby Kebbell"
723,Free Solo (2018),Jimmy Chin,"Alex Honnold, Jimmy Chin, Tommy Caldwell, Cheyne Lempe"
724,Pad Man (2018),R. Balki,"Jyoti Subhash, Sonam Kapoor, Radhika Apte, Akshay Kumar"
725,My Neighbor Totoro (1988),Hayao Miyazaki,"Chika Sakamoto, Hitoshi Takagi, Shigesato Itoi, Noriko Hidaka"
726,Hichki (2018),Siddharth Malhotra,"Rohit Saraf, Rani Mukerji, Neeraj Kabi, Sachin Pilgaonkar"
727,Mojin: The Worm Valley (2018),Xing Fei,"Hang Cai, Xuan Gu, Taishen Cheng, Heng Yu"
728,Big Brother (2018),Ka-Wai Kam,"Kang Yu, Donnie Yen, Ming-Kit Lok, Joe Chen"
729,Master Z: The Ip Man Legacy (2018),Woo-Ping Yuen,"Jin Zhang, Dave Bautista, Michelle Yeoh, Tony Jaa"
730,My Hero Academia: Two Heroes (2018),Kenji Nagasaki,"Mirai Shida, Kenta Miyake, Nobuhiko Okamoto, Daiki Yamashita"
731,Oolong Courtyard: KungFu School (2018),Yen-Ping Chu,"Fok Siu-Man, Xiaobao Song, Man-Tat Ng"
732,Airpocalypse (2018),Yang Xiao,"Xiaobao Song, Juan Du, Yang Xiao, Yuan Chang"
733,102 Not Out (2018),Umesh Shukla,"Vijay Raaz, Rishi Kapoor, Jimit Trivedi, Amitabh Bachchan"
734,Thugs of Hindostan (2018),Vijay Krishna Acharya,"Aamir Khan, Katrina Kaif, Lloyd Owen, Amitabh Bachchan"
735,Luis and the Aliens (2018),Christoph Lauenstein,"Paul Tylak, Ian Coppinger, Dermot Magennis, Callum Maloney"
736,Tall Tales from the Magical Garden of Antoon Krings (2017),Arnaud Bouron,"Anne Tilloy, Emmanuel Curtil, Kev Adams, Virginie Efira"
737,Tall Tales from the Magical Garden of Antoon Krings (2017),Arnaud Bouron,"Anne Tilloy, Emmanuel Curtil, Kev Adams, Virginie Efira"
738,Tall Tales from the Magical Garden of Antoon Krings (2017),Arnaud Bouron,"Anne Tilloy, Emmanuel Curtil, Kev Adams, Virginie Efira"
739,Last Letter (2018),Shunji Iwai,"Hao Qin, Jiang Du, Zifeng Zhang, Xun Zhou"
740,Ash Is Purest White (2018),Zhangke Jia,"Fan Liao, Tao Zhao, ""Yinan Diao"", Jiali Ding"
741,2.0 (2018),S. Shankar,"Amy Jackson, Adil Hussain, Rajinikanth, Akshay Kumar"
742,Lobster Cop (2018),Xinyun Li,"Hua Liu, You Zhou, Shanshan Yuan, Qianyuan Wang"
743,Girls vs Gangsters (2018),Barbara Wong Chun-Chun,"Ivy Yi-Han Chen, Fiona Sit, Janine Chun-Ning Chang, Mike Tyson"
744,Papillon (2017),Michael Noer,"Christopher Fairbank, Damijan Oklopdzic, Charlie Hunnam, Jason Ryan"
745,Replicas (2018),Jeffrey Nachmanoff,"Alice Eve, John Ortiz, Keanu Reeves, Thomas Middleditch"
746,Mobile Suit Gundam Narrative (2018),Shun'ichi Yoshizawa,"Paul Guyet, Daniel J. Edwards, J. David Brimmer, Wayne Grayson"
747,Penguin Highway (2018),Hiroyasu Ishida,"Landen Beattie, Tony Azzolino, Kana Kita, Yû Aoi"
748,Custody (2017),Xavier Legrand,"Denis Ménochet, Léa Drucker, Thomas Gioria, Mathilde Auneveux"
749,Patrick the Pug (2018),Mandie Fletcher,"Beattie Edmondson, Sam Fletcher, Ann Queensberry, Rupert Holliday-Evans"
750,Maquia: When the Promised Flower Blooms (2018),Mari Okada,"Yôko Hikasa, Manaka Iwami, Miyu Irino, Hiroaki Hirata"
751,The Breadwinner (2017),Nora Twomey,"Soma Chhaya, Saara Chaudry, Laara Sadiq, Noorin Gulamgaus"
752,Maria By Callas (2017),Tom Volf,"Fanny Ardant, Joyce DiDonato, David Frost, Maria Callas"
753,Shed Skin Papa (2016),Roy Szeto,"Kuan Tai Chen, Kwok-Pong Chan, Louis Koo, Francis Ng"
754,The Captain (2019),Andrew Lau,"Quan Yuan, Hao Ou, Hanyu Zhang, Jiang Du"
755,Roma (2018),Alfonso Cuarón,"Yalitza Aparicio, Carlos Peralta, Diego Cortina Autrey, Marina de Tavira"
756,Ryuichi Sakamoto: Coda (2017),Stephen Nomura Schible,"Yellow Magic Orchestra, Ryuichi Sakamoto"
757,Have a Nice Day (2017),Jian Liu,"Siming Yang, Kai Cao, Changlong Zhu, Jian Liu"
758,Red Sorghum (1988),Yimou Zhang,"Ji Liu, Wen Jiang, Rujun Teng, Li Gong"
759,Avengers: Endgame (2019),Anthony Russo,"Mark Ruffalo, Chris Hemsworth, Robert Downey Jr., Chris Evans"
760,The Lion King (2019),Jon Favreau,"Beyoncé, Donald Glover, Seth Rogen, Chiwetel Ejiofor"
761,Frozen II (2019),Chris Buck,"Josh Gad, Jonathan Groff, Idina Menzel, Kristen Bell"
762,Spider,Jon Watts,"Samuel L. Jackson, Jake Gyllenhaal, Marisa Tomei, Tom Holland"
763,Captain Marvel (2019),Anna Boden,"Ben Mendelsohn, Samuel L. Jackson, Jude Law, Brie Larson"
764,Star Wars: Episode IX,J.J. Abrams,"Adam Driver, Oscar Isaac, Daisy Ridley, John Boyega"
765,Toy Story 4 (2019),Josh Cooley,"Tom Hanks, Annie Potts, Tim Allen, Tony Hale"
766,Aladdin (2019),Guy Ritchie,"Marwan Kenzari, Will Smith, Naomi Scott, Mena Massoud"
767,Jumanji: The Next Level (2019),Jake Kasdan,"Jack Black, Kevin Hart, Karen Gillan, Dwayne Johnson"
768,Fast & Furious Presents: Hobbs & Shaw (2019),David Leitch,"Vanessa Kirby, Idris Elba, Jason Statham, Dwayne Johnson"
769,Ne Zha (2019),Yu Yang,"Yanting Lü, Mo Han, Hao Chen, Joseph"
770,The Wandering Earth (2019),Frant Gwo,"Jing Wu, Guangjie Li, Man-Tat Ng, Chuxiao Qu"
771,How to Train Your Dragon: The Hidden World (2019),Dean DeBlois,"America Ferrera, F. Murray Abraham, Jay Baruchel, Cate Blanchett"
772,Maleficent: Mistress of Evil (2019),Joachim Rønning,"Harris Dickinson, Elle Fanning, Michelle Pfeiffer, Angelina Jolie"
773,"My People, My Country (2019)",Kaige Chen,"Bai Qing Xin, Hao Ou, Bo Huang, Qianyuan Wang"
774,Pokémon Detective Pikachu (2019),Rob Letterman,"Bill Nighy, Ryan Reynolds, Justice Smith, Kathryn Newton"
775,The Secret Life of Pets 2 (2019),Chris Renaud,"Patton Oswalt, Eric Stonestreet, Kevin Hart, Harrison Ford"
776,Alita: Battle Angel (2019),Robert Rodriguez,"Christoph Waltz, Jennifer Connelly, Mahershala Ali, Rosa Salazar"
777,Godzilla: King of the Monsters (2019),Michael Dougherty,"Kyle Chandler, Millie Bobby Brown, Vera Farmiga, Ken Watanabe"
778,Shazam! (2019),David F. Sandberg,"Asher Angel, Zachary Levi, Mark Strong, Jack Dylan Grazer"
779,Dumbo (2019),Tim Burton,"Colin Farrell, Danny DeVito, Michael Keaton, Eva Green"
780,Knives Out (2019),Rian Johnson,"Ana de Armas, Chris Evans, Daniel Craig, Jamie Lee Curtis"
781,Terminator: Dark Fate (2019),Tim Miller,"Arnold Schwarzenegger, Mackenzie Davis, Linda Hamilton, Natalia Reyes"
782,Men in Black: International (2019),F. Gary Gray,"Chris Hemsworth, Rebecca Ferguson, Tessa Thompson, Kumail Nanjiani"
783,X,Simon Kinberg,"Jennifer Lawrence, Nicholas Hoult, James McAvoy, Michael Fassbender"
784,The Bravest (2019),Tony Chan,"Xiaoming Huang, Zi Yang, Zhuo Tan, Jiang Du"
785,Better Days (2019),Derek Tsang,"Fang Yin, Jue Huang, Dongyu Zhou, Jackson Yee"
786,Weathering with You (2019),Makoto Shinkai,"Sei Hiraizumi, Nana Mori, Kotaro Daigo, Shun Oguri"
787,Downton Abbey (2019),Michael Engler,"Michael Fox, Sophie McShera, Stephen Campbell Moore, Lesley Nicol"
788,The Lego Movie 2: The Second Part (2019),Mike Mitchell,"Will Arnett, Elizabeth Banks, Chris Pratt, Tiffany Haddish"
789,The White Storm 2: Drug Lords (2019),Herman Yau,"Andy Lau, Louis Koo, Kar Yan Lam, Kiu Wai Miu"
790,Gemini Man (2019),Ang Lee,"Mary Elizabeth Winstead, Will Smith, Clive Owen, Benedict Wong"
791,Spies in Disguise (2019),Nick Bruno,"Claire Crosby, Jarrett Bruno, Toru Uchikado, Rachel Brosnahan"
792,The Climbers (2019),Daniel Lee,"Jing Wu, Boran Jing, Ziyi Zhang, Yi Zhang"
793,Escape Room (2019),Adam Robitel,"Jay Ellis, Logan Miller, Taylor Russell, Tyler Labine"
794,Yesterday (2019),Danny Boyle,"Sophia Di Martino, Lily James, Ellise Chappell, Himesh Patel"
795,The Angry Birds Movie 2 (2019),Thurop Van Orman,"Leslie Jones, Josh Gad, Jason Sudeikis, Bill Hader"
796,Angel Has Fallen (2019),Ric Roman Waugh,"Frederick Schmidt, Rocci Williams, Gerard Butler, Danny Huston"
797,Ad Astra (2019),James Gray,"Tommy Lee Jones, Donald Sutherland, Brad Pitt, Ruth Negga"
798,The Upside (2017),Neil Burger,"Bryan Cranston, Nicole Kidman, Kevin Hart, Aja Naomi King"
799,Midway (2019),Roland Emmerich,"Patrick Wilson, Woody Harrelson, Luke Evans, Ed Skrein"
800,Looking Up (2019),Chao Deng,"Suxi Ren, Yu Bai, Chao Deng, Xi Wang"
801,Wonder Park (2019),Dylan Brown,"Jennifer Garner, Sofia Mali, Kenan Thompson, Ken Hudson Campbell"
802,P Storm (2019),David Lam,"Kevin Cheng, Raymond Lam, Louis Koo, Ka Tung Lam"
803,Line Walker 2: Invisible Spy (2019),Jazz Boon,"Nick Cheung, Peiyao Jiang, Louis Koo, Francis Ng"
804,Crawl (2019),Alexandre Aja,"Ross Anderson, Barry Pepper, Morfydd Clark, Kaya Scodelario"
805,One Piece: Stampede (2019),Takashi Otsuka,"Kim Anh, Tuan Anh, Major Attaway, Felecia Angelle"
806,A Dog's Way Home (2019),Charles Martin Smith,"Ashley Judd, Alexandra Shipp, Jonah Hauer-King, Edward James Olmos"
807,Cold Pursuit (2019),Hans Petter Moland,"Laura Dern, Micheál Richardson, Michael Eklund, Liam Neeson"
808,A Dog's Journey (2019),Gail Mancuso,"Josh Gad, Marg Helgenberger, Kathryn Prescott, Dennis Quaid"
809,White Snake (2019),Amp Wong,"Matthew Moy, Vincent Rodriguez III, James Sie, Stephanie Sheh"
810,47 Meters Down: Uncaged (2019),Johannes Roberts,"Sophie Nélisse, Corinne Foxx, Sistine Rose Stallone, Brianne Tju"
811,Chasing the Dragon II: Wild Wild Bunch (2019),Jason Kwan,"Ka Tung Lam, Louis Koo, Tony Ka Fai Leung, Jiang Du"
812,Richard Jewell (2019),Clint Eastwood,"Ryan Boz, Paul Walter Hauser, Brandon Stanley, Sam Rockwell"
813,Fighting with My Family (2019),Stephen Merchant,"Lena Headey, Vince Vaughn, Florence Pugh, Dwayne Johnson"
814,UglyDolls (2019),Kelly Asbury,"Kelly Clarkson, Janelle Monáe, Nick Jonas, Blake Shelton"
815,The Wild Goose Lake (2019),Yi'nan Diao,"Fan Liao, Ge Hu, Lun-Mei Kwei, Regina Wan"
816,The Farewell (2019),Lulu Wang,"X Mayo, Hong Lu, Awkwafina, Shuzhen Zhao"
817,Always Miss You (2019),Hung-i Chen,"Dong-xue Li, Yi-Lin Sie, Amber Kuo, Ryan Zheng"
818,Peppa Celebrates Chinese New Year (2019),Dapeng Zhang,"Yawen Zhu, Michelle Wai, Yun Liu"
819,Fate/stay night [Heaven's Feel] II. lost butterfly (2019),Tomonori Sudô,"Michael Donovan, Melissa Fahn, Yu Asakawa, Crispin Freeman"
820,Little Q (2019),Wing-Cheong Law,"Him Law, Charlie Yeung, Simon Yam, Gigi Leung"
821,Mayday Life (2019),Muh Chen,"Mayday, Tony Ka Fai Leung, Ashin, Bo Huang"
822,Furie (2019),Le-Van Kiet,"Van Veronica Ngo, Thanh Nhien Phan, Mai Cát Vi, Pham Anh Khoa"
823,The Professor and the Madman (2019),Farhad Safinia,"Sean Penn, Natalie Dormer, Eddie Marsan, Mel Gibson"
824,Swift (2019),Andrea Block,"Willem Dafoe, Kate Winslet, Josh Keaton, Cassandra Steen"
825,Savage (2018),Siwei Cui,"Fan Liao, Jue Huang, Ni Ni, Chen Chang"
826,Ride Your Wave (2019),Masaaki Yuasa,"Kentaro Ito, Ryôta Katayose, Honoka Matsumoto, Rina Kawaei"
827,Midnight Diner (2019),Tony Ka Fai Leung,"Tony Ka Fai Leung, Yibai Zhang, Tao Liu, Tony Yo-ning Yang"
828,The Crossing (2018),Xue Bai,"Yao Huang, Elena Kong, Gang Jiao, Kai Chi Liu"
829,Fagara (2019),Heiward Mak,"Linda Jui-Chi Liu, Megan Lai, Sammi Cheng, Xiaofeng Li"
830,Triple Threat (2019),Jesse V. Johnson,"Tony Jaa, Iko Uwais, Tiger Hu Chen, Scott Adkins"
831,Die Hard with a Vengeance (1995),John McTiernan,"Samuel L. Jackson, Bruce Willis, Graham Greene, Jeremy Irons"
832,Mission: Impossible (1996),Brian De Palma,"Emmanuelle Béart, Jon Voight, Tom Cruise, Henry Czerny"
833,Titanic (1997),James Cameron,"Kathy Bates, Billy Zane, Kate Winslet, Leonardo DiCaprio"
834,Life Is Beautiful (1997),Roberto Benigni,"Nicoletta Braschi, Giustino Durano, Giorgio Cantarini, Roberto Benigni"
835,Star Wars: Episode I,George Lucas,"Jake Lloyd, Liam Neeson, Ewan McGregor, Natalie Portman"
836,The Legend of 1900 (1998),Giuseppe Tornatore,"Bill Nunn, Tim Roth, Mélanie Thierry, Pruitt Taylor Vince"
